0,9.9133945e-03,1  
1,3.3428888e-02,0  
2,-5.7636009e-03,0  
3,-2.9279094e-02,0  
4,-5.2794587e-02,0  
5,9.9133945e-03,0  
6,-2.1440596e-02,0  
7,-2.9279094e-02,0  
8,-6.0633085e-02,0  
9,-9.1987075e-02,0  
10,-1.3602099e-02,0  
11,-6.0633085e-02,0  
12,-1.3602099e-02,0  
13,-7.6310081e-02,0  
14,-6.0633085e-02,0  
15,-1.2334106e-01,0  
16,-8.4148578e-02,0  
17,-6.8471582e-02,0  
18,-3.7117591e-02,0  
19,-7.6310081e-02,0  
20,-6.0633085e-02,0  
21,-1.2334106e-01,0  
22,-6.0633085e-02,0  
23,-9.1987075e-02,0  
24,-6.8471582e-02,0  
25,-1.0766407e-01,0  
26,-9.9825575e-02,0  
27,-1.4685656e-01,0  
28,-2.9279094e-02,0  
29,9.9133945e-03,0  
30,9.6136870e-02,0  
31,1.2749086e-01,0  
32,1.6668335e-01,0  
33,2.9209932e-01,0  
34,4.1751527e-01,0  
35,1.1965236e-01,0  
36,-8.4148578e-02,0  
37,-7.6310081e-02,0  
38,-2.1740303e-01,0  
39,-1.9388755e-01,0  
40,-2.7227252e-01,0  
41,-2.4091853e-01,0  
42,-3.1146501e-01,0  
43,-3.0362652e-01,0  
44,-2.4091853e-01,0  
45,-2.0956454e-01,0  
46,-1.5469506e-01,0  
47,-2.1740303e-01,0  
48,-9.1987075e-02,0  
49,6.6050870e-01,0  
50,2.8317725e+00,0  
51,5.0265519e+00,0  
52,9.1917913e-01,0  
53,-4.9361786e+00,0  
54,-6.1197918e+00,0  
55,-4.3326143e+00,0  
56,-2.4200209e+00,0  
57,-1.0717993e+00,0  
58,-4.4471947e-01,0  
59,-3.3498050e-01,0  
60,-1.4685656e-01,0  
61,-1.2334106e-01,0  
62,-5.2794587e-02,0  
63,2.0748969e-03,0  
64,-5.7636009e-03,0  
65,-4.4956090e-02,0  
66,2.5590390e-02,0  
67,1.2749086e-01,0  
68,6.4782879e-02,0  
69,1.1965236e-01,0  
70,1.5884485e-01,0  
71,2.5290682e-01,0  
72,3.3913030e-01,0  
73,3.5480729e-01,0  
74,4.2535377e-01,0  
75,6.7618570e-01,0  
76,7.6240917e-01,0  
77,8.7998664e-01,0  
78,1.1308186e+00,0  
79,1.0916261e+00,0  
80,1.2640730e+00,0  
81,1.1543340e+00,0  
82,1.1464955e+00,0  
83,9.8972556e-01,0  
84,7.6240917e-01,0  
85,5.5076973e-01,0  
86,3.6264579e-01,0  
87,2.2939133e-01,0  
88,1.1965236e-01,0  
89,8.0459874e-02,0  
90,2.5590390e-02,0  
91,3.3428888e-02,0  
92,4.9105883e-02,0  
93,9.9133945e-03,0  
94,6.4782879e-02,0  
95,9.6136870e-02,0  
96,9.6136870e-02,0  
97,1.1965236e-01,0  
98,1.4316785e-01,0  
99,1.9019885e-01,0  
100,1.1965236e-01,0  
101,7.2621376e-02,0  
102,1.9803734e-01,0  
103,9.6136870e-02,0  
104,1.0397536e-01,0  
105,4.1267385e-02,0  
106,-1.3602099e-02,0  
107,9.9133945e-03,0  
108,8.0459874e-02,0  
109,-1.3602099e-02,0  
110,-2.1440596e-02,0  
111,9.9133945e-03,0  
112,-7.6310081e-02,0  
113,-1.4685656e-01,0  
114,-6.0633085e-02,0  
115,3.3428888e-02,0  
116,-6.0633085e-02,0  
117,-5.7636009e-03,0  
118,-6.0633085e-02,0  
119,2.0748969e-03,0  
120,-6.8471582e-02,0  
121,9.9133945e-03,0  
122,-2.9279094e-02,0  
123,-2.9279094e-02,0  
124,-5.2794587e-02,0  
125,-3.7117591e-02,0  
126,-9.1987075e-02,0  
127,2.0748969e-03,0  
128,-4.4956090e-02,0  
129,-6.0633085e-02,0  
130,-6.8471582e-02,0  
131,2.0748969e-03,0  
132,-2.9279094e-02,0  
133,-1.1550256e-01,0  
134,2.0748969e-03,0  
135,2.5590390e-02,0  
136,7.3038958e-02,1  
137,3.2245125e-02,0  
138,4.0403891e-02,0  
139,4.8562658e-02,0  
140,3.2245125e-02,0  
141,5.2642041e-02,0  
142,4.0403891e-02,0  
143,1.5927591e-02,0  
144,1.5927591e-02,0  
145,3.6894412e-03,0  
146,-3.8994121e-04,0  
147,-8.5487083e-03,0  
148,-1.6707475e-02,0  
149,-1.2628092e-02,0  
150,-8.5487083e-03,0  
151,-4.9342541e-02,0  
152,-2.0786858e-02,0  
153,-4.5263158e-02,0  
154,-5.3421925e-02,0  
155,-5.7501308e-02,0  
156,-6.1580691e-02,0  
157,-8.6056991e-02,0  
158,-9.0136375e-02,0  
159,-5.7501308e-02,0  
160,-7.3818841e-02,0  
161,-9.0136375e-02,0  
162,-7.3818841e-02,0  
163,-1.0645391e-01,0  
164,-8.1977608e-02,0  
165,-7.7898225e-02,0  
166,-9.8295142e-02,0  
167,-9.8295142e-02,0  
168,-6.5660075e-02,0  
169,-1.6707475e-02,0  
170,4.8562658e-02,0  
171,5.6721425e-02,0  
172,8.1197725e-02,0  
173,1.5870601e-01,0  
174,-9.8295142e-02,0  
175,-1.5132713e-01,0  
176,-1.8804157e-01,0  
177,-2.1251787e-01,0  
178,-1.8804157e-01,0  
179,-2.6554985e-01,0  
180,-2.6554985e-01,0  
181,-2.4107356e-01,0  
182,-2.6962924e-01,0  
183,-2.6554985e-01,0  
184,-2.4923233e-01,0  
185,-2.7370863e-01,0  
186,-2.4923233e-01,0  
187,-1.8804157e-01,0  
188,7.3038958e-02,0  
189,1.5905695e+00,0  
190,1.1010435e+00,0  
191,-1.5383175e+00,0  
192,-4.5366641e+00,0  
193,-5.2709532e+00,0  
194,-3.4801039e+00,0  
195,-1.8687475e+00,0  
196,-8.0810784e-01,0  
197,-3.7161382e-01,0  
198,-2.2883541e-01,0  
199,-1.1869206e-01,0  
200,-7.3818841e-02,0  
201,-1.2628092e-02,0  
202,3.6894412e-03,0  
203,4.8562658e-02,0  
204,4.0403891e-02,0  
205,1.2199156e-01,0  
206,1.8726169e-01,0  
207,2.2805552e-01,0  
208,2.8516689e-01,0  
209,3.4635764e-01,0  
210,4.1978654e-01,0  
211,5.3808866e-01,0  
212,6.5231139e-01,0  
213,8.1548672e-01,0  
214,1.0357734e+00,0  
215,1.2968539e+00,0  
216,1.6068871e+00,0  
217,1.9413965e+00,0  
218,2.2881441e+00,0  
219,2.6104154e+00,0  
220,2.8755753e+00,0  
221,2.9653218e+00,0  
222,2.8470196e+00,0  
223,2.4513194e+00,0  
224,1.8965233e+00,0  
225,1.2560602e+00,0  
226,6.8902584e-01,0  
227,3.4635764e-01,0  
228,1.0975341e-01,0  
229,-3.3025008e-02,0  
230,-1.1461268e-01,0  
231,-1.3908898e-01,0  
232,-1.6356528e-01,0  
233,-1.5948589e-01,0  
234,-1.4724774e-01,0  
235,-1.3093020e-01,0  
236,-1.1461268e-01,0  
237,-8.6056991e-02,0  
238,-1.0645391e-01,0  
239,-1.0645391e-01,0  
240,-9.0136375e-02,0  
241,-7.3818841e-02,0  
242,-9.8295142e-02,0  
243,-1.4724774e-01,0  
244,-1.3908898e-01,0  
245,-1.6356528e-01,0  
246,-2.1659726e-01,0  
247,-1.8396219e-01,0  
248,-2.3291479e-01,0  
249,-2.4107356e-01,0  
250,-2.7778800e-01,0  
251,-2.6962924e-01,0  
252,-2.9002616e-01,0  
253,-2.8186739e-01,0  
254,-3.0634369e-01,0  
255,-3.3082000e-01,0  
256,-3.1450246e-01,0  
257,-3.3897876e-01,0  
258,-3.5529629e-01,0  
259,-3.5529629e-01,0  
260,-3.6345506e-01,0  
261,-3.5529629e-01,0  
262,-3.7161382e-01,0  
263,-3.7161382e-01,0  
264,-4.2056642e-01,0  
265,-3.6345506e-01,0  
266,-3.8793135e-01,0  
267,-3.8793135e-01,0  
268,-4.0424889e-01,0  
269,-3.8793135e-01,0  
270,-3.7569321e-01,0  
271,-4.0424889e-01,0  
272,1.9087855e+00,2  
273,3.6896482e-01,0  
274,3.4081075e-01,0  
275,3.2204137e-01,0  
276,3.5019544e-01,0  
277,3.5019544e-01,0  
278,3.7834952e-01,0  
279,3.3142605e-01,0  
280,3.7834952e-01,0  
281,2.7511791e-01,0  
282,3.5019544e-01,0  
283,2.9388728e-01,0  
284,3.8773421e-01,0  
285,3.1265667e-01,0  
286,3.5019544e-01,0  
287,3.1265667e-01,0  
288,3.0327198e-01,0  
289,2.4696383e-01,0  
290,2.3757914e-01,0  
291,2.0004037e-01,0  
292,2.0942506e-01,0  
293,2.6573321e-01,0  
294,2.3757914e-01,0  
295,2.5634853e-01,0  
296,1.8127099e-01,0  
297,1.8127099e-01,0  
298,2.2819444e-01,0  
299,1.9065568e-01,0  
300,1.8127099e-01,0  
301,1.7188629e-01,0  
302,1.7188629e-01,0  
303,1.3434752e-01,0  
304,1.6250160e-01,0  
305,1.1557815e-01,0  
306,5.9269992e-02,0  
307,5.9269992e-02,0  
308,3.5019544e-01,0  
309,3.1265667e-01,0  
310,4.1588829e-01,0  
311,3.1115917e-02,0  
312,-1.2842385e-01,0  
313,-1.6596262e-01,0  
314,-2.0350139e-01,0  
315,-2.9734830e-01,0  
316,-1.8473200e-01,0  
317,-1.5807543e-02,0  
318,1.2346532e-02,0  
319,-9.0885078e-02,0  
320,-4.3961619e-02,0  
321,-2.5192235e-02,0  
322,2.1731224e-02,0  
323,-2.5192235e-02,0  
324,1.2346532e-02,0  
325,2.9618401e-03,0  
326,2.1731224e-02,0  
327,6.9742904e-01,0  
328,4.7219643e-01,0  
329,-3.4036813e+00,0  
330,-6.1627807e+00,0  
331,-5.9657022e+00,0  
332,-4.2483036e+00,0  
333,-2.5684437e+00,0  
334,-1.5548970e+00,0  
335,-7.4781351e-01,0  
336,-1.8473200e-01,0  
337,-5.3346311e-02,0  
338,8.7424067e-02,0  
339,8.7424067e-02,0  
340,8.7424067e-02,0  
341,1.2496284e-01,0  
342,1.8127099e-01,0  
343,4.9885300e-02,0  
344,1.3434752e-01,0  
345,1.2496284e-01,0  
346,1.4373222e-01,0  
347,2.8450260e-01,0  
348,3.8773421e-01,0  
349,4.1588829e-01,0  
350,4.8158113e-01,0  
351,6.7865966e-01,0  
352,8.5696880e-01,0  
353,1.0446626e+00,0  
354,1.2135871e+00,0  
355,1.3637422e+00,0  
356,1.4669738e+00,0  
357,1.4575891e+00,0  
358,1.3731269e+00,0  
359,9.6958515e-01,0  
360,6.5050558e-01,0  
361,2.8450260e-01,0  
362,2.0004037e-01,0  
363,3.1115917e-02,0  
364,-5.3346311e-02,0  
365,2.9618401e-03,0  
366,5.9269992e-02,0  
367,-7.2115694e-02,0  
368,-6.2731003e-02,0  
369,-8.1500386e-02,0  
370,-1.0026977e-01,0  
371,-1.3780854e-01,0  
372,-4.3961619e-02,0  
373,-3.4576927e-02,0  
374,1.2496284e-01,0  
375,6.8654684e-02,0  
376,6.8654684e-02,0  
377,2.1731224e-02,0  
378,1.1557815e-01,0  
379,3.1115917e-02,0  
380,4.9885300e-02,0  
381,-7.2115694e-02,0  
382,-3.4576927e-02,0  
383,-1.0026977e-01,0  
384,-6.4228510e-03,0  
385,-3.4576927e-02,0  
386,4.9885300e-02,0  
387,-1.2842385e-01,0  
388,2.1731224e-02,0  
389,-1.4719323e-01,0  
390,-3.4576927e-02,0  
391,-3.4576927e-02,0  
392,4.0500608e-02,0  
393,-4.3961619e-02,0  
394,-9.0885078e-02,0  
395,-6.2731003e-02,0  
396,-2.5192235e-02,0  
397,-1.0026977e-01,0  
398,-6.2731003e-02,0  
399,-8.1500386e-02,0  
400,2.1731224e-02,0  
401,1.5311691e-01,0  
402,1.4373222e-01,0  
403,3.3142605e-01,0  
404,2.9618401e-03,0  
405,-2.9734830e-01,0  
406,-2.7857891e-01,0  
407,-3.5365645e-01,0  
408,-4.8046093e-01,2  
409,-4.7017723e-01,0  
410,-3.7762384e-01,0  
411,-4.2904238e-01,0  
412,-4.2904238e-01,0  
413,-4.4960980e-01,0  
414,-3.7762384e-01,0  
415,-3.1592159e-01,0  
416,-4.4960980e-01,0  
417,-3.1592159e-01,0  
418,-4.0847497e-01,0  
419,-3.3648901e-01,0  
420,-3.3648901e-01,0  
421,-2.6450305e-01,0  
422,-2.8507046e-01,0  
423,-2.8507046e-01,0  
424,-2.7478675e-01,0  
425,-2.6450305e-01,0  
426,-2.1308450e-01,0  
427,-2.1308450e-01,0  
428,-1.8223337e-01,0  
429,-1.3081483e-01,0  
430,-1.3081483e-01,0  
431,-3.8261447e-02,0  
432,-7.9396282e-02,0  
433,-7.9396282e-02,0  
434,-9.9963700e-02,0  
435,1.3157099e-02,0  
436,-7.4103190e-03,0  
437,3.3724517e-02,0  
438,4.4008226e-02,0  
439,5.4291934e-02,0  
440,1.3656160e-01,0  
441,2.8053353e-01,0  
442,2.8053353e-01,0  
443,3.1138465e-01,0  
444,1.3656160e-01,0  
445,2.3440808e-02,0  
446,-1.7694028e-02,0  
447,-8.9679991e-02,0  
448,-1.7694028e-02,0  
449,1.9826386e-01,0  
450,1.5712903e-01,0  
451,1.4684531e-01,0  
452,2.0854757e-01,0  
453,2.1883128e-01,0  
454,2.3939869e-01,0  
455,2.3939869e-01,0  
456,2.8053353e-01,0  
457,3.3195208e-01,0  
458,8.8727236e-01,0  
459,1.4014578e+00,0  
460,-2.6194724e+00,0  
461,-5.4680598e+00,0  
462,-5.9308267e+00,0  
463,-3.9357871e+00,0  
464,-2.4035145e+00,0  
465,-1.2928739e+00,0  
466,-4.5989351e-01,0  
467,1.5712903e-01,0  
468,3.2166837e-01,0  
469,4.5535659e-01,0  
470,4.9649142e-01,0  
471,5.1705883e-01,0  
472,5.4790996e-01,0  
473,5.5819368e-01,0  
474,5.4790996e-01,0  
475,6.8159818e-01,0  
476,6.1989592e-01,0  
477,6.0961222e-01,0  
478,7.1244931e-01,0  
479,7.4330043e-01,0  
480,8.0500269e-01,0  
481,9.0783978e-01,0  
482,1.0723791e+00,0  
483,1.2677696e+00,0  
484,1.4528764e+00,0  
485,1.6482668e+00,0  
486,1.8745084e+00,0  
487,1.9670618e+00,0  
488,1.9464944e+00,0  
489,1.7922387e+00,0  
490,1.4631600e+00,0  
491,1.0620955e+00,0  
492,7.0216560e-01,0  
493,4.5535659e-01,0  
494,3.1138465e-01,0  
495,2.7024982e-01,0  
496,2.1883128e-01,0  
497,1.8798015e-01,0  
498,1.7769644e-01,0  
499,1.4684531e-01,0  
500,1.3656160e-01,0  
501,6.4575643e-02,0  
502,2.2911499e-01,0  
503,1.9826386e-01,0  
504,2.0854757e-01,0  
505,1.3656160e-01,0  
506,1.5712903e-01,0  
507,1.6741273e-01,0  
508,1.3656160e-01,0  
509,1.0571048e-01,0  
510,1.3656160e-01,0  
511,1.2627790e-01,0  
512,1.0571048e-01,0  
513,5.4291934e-02,0  
514,7.4859352e-02,0  
515,4.4008226e-02,0  
516,5.4291934e-02,0  
517,2.3440808e-02,0  
518,2.8733899e-03,0  
519,2.8733899e-03,0  
520,2.8733899e-03,0  
521,-3.8261447e-02,0  
522,-4.8545156e-02,0  
523,-7.9396282e-02,0  
524,-5.8828865e-02,0  
525,-8.9679991e-02,0  
526,-9.9963700e-02,0  
527,-1.2053111e-01,0  
528,-1.2053111e-01,0  
529,-1.4109854e-01,0  
530,-1.1024741e-01,0  
531,-1.1024741e-01,0  
532,4.4008226e-02,0  
533,1.2627790e-01,0  
534,-1.1024741e-01,0  
535,-2.3365192e-01,0  
536,-3.3648901e-01,0  
537,-4.0847497e-01,0  
538,-5.8329802e-01,0  
539,-5.1131206e-01,0  
540,-3.8790755e-01,0  
541,-3.6734014e-01,0  
542,-3.7762384e-01,0  
543,-3.6734014e-01,0  
544,3.3530799e-01,1  
545,2.9815777e-01,0  
546,2.9815777e-01,0  
547,2.8887022e-01,0  
548,3.0744533e-01,0  
549,2.2385735e-01,0  
550,2.4243246e-01,0  
551,2.6100756e-01,0  
552,1.5884448e-01,0  
553,2.6100756e-01,0  
554,2.5172001e-01,0  
555,2.1456979e-01,0  
556,2.3314490e-01,0  
557,1.5884448e-01,0  
558,2.1456979e-01,0  
559,2.0528224e-01,0  
560,2.0528224e-01,0  
561,2.2385735e-01,0  
562,1.7741958e-01,0  
563,2.0528224e-01,0  
564,2.1456979e-01,0  
565,1.5884448e-01,0  
566,2.0528224e-01,0  
567,1.4026937e-01,0  
568,1.5884448e-01,0  
569,1.2169426e-01,0  
570,8.4544050e-02,0  
571,1.0311915e-01,0  
572,1.3098182e-01,0  
573,8.4544050e-02,0  
574,4.7393837e-02,0  
575,6.5968944e-02,0  
576,1.9599469e-01,0  
577,3.1673288e-01,0  
578,3.2602043e-01,0  
579,2.7958266e-01,0  
580,-1.0120702e-01,0  
581,-2.6838297e-01,0  
582,-2.6838297e-01,0  
583,-2.3123275e-01,0  
584,-1.5693233e-01,0  
585,-3.6194141e-02,0  
586,-7.3344354e-02,0  
587,-1.0120702e-01,0  
588,-1.0120702e-01,0  
589,-1.7619035e-02,0  
590,-1.7619035e-02,0  
591,-4.5481695e-02,0  
592,-2.6906588e-02,0  
593,9.5607146e-04,0  
594,-8.3314817e-03,0  
595,3.0744533e-01,0  
596,1.2733508e+00,0  
597,-1.9215674e+00,0  
598,-5.3765372e+00,0  
599,-6.0545286e+00,0  
600,-4.1412926e+00,0  
601,-2.5531210e+00,0  
602,-1.4664773e+00,0  
603,-6.9561042e-01,0  
604,-1.5693233e-01,0  
605,2.8818731e-02,0  
606,1.4026937e-01,0  
607,1.4026937e-01,0  
608,1.7741958e-01,0  
609,1.6813202e-01,0  
610,2.2385735e-01,0  
611,2.1456979e-01,0  
612,2.1456979e-01,0  
613,2.5172001e-01,0  
614,3.2602043e-01,0  
615,2.6100756e-01,0  
616,4.0960841e-01,0  
617,3.8174575e-01,0  
618,5.4892171e-01,0  
619,5.2105905e-01,0  
620,6.6037234e-01,0  
621,7.4396033e-01,0  
622,9.3899894e-01,0  
623,1.1619002e+00,0  
624,1.3290762e+00,0  
625,1.6448530e+00,0  
626,1.8677542e+00,0  
627,2.0813680e+00,0  
628,2.2485439e+00,0  
629,2.1556684e+00,0  
630,1.9049044e+00,0  
631,1.4219517e+00,0  
632,8.9256117e-01,0  
633,4.9319639e-01,0  
634,2.0528224e-01,0  
635,5.6681390e-02,0  
636,-1.7619035e-02,0  
637,-1.0120702e-01,0  
638,-6.4056801e-02,0  
639,-1.0120702e-01,0  
640,-2.0337010e-01,0  
641,-1.0120702e-01,0  
642,-2.6906588e-02,0  
643,-9.1919460e-02,0  
644,-1.0120702e-01,0  
645,-5.4769248e-02,0  
646,-7.3344354e-02,0  
647,-6.4056801e-02,0  
648,-6.4056801e-02,0  
649,-1.1978212e-01,0  
650,-8.2631907e-02,0  
651,-1.9408255e-01,0  
652,-1.7619035e-02,0  
653,-1.5693233e-01,0  
654,-1.9408255e-01,0  
655,-1.5693233e-01,0  
656,-2.3123275e-01,0  
657,-1.6621988e-01,0  
658,-2.1265765e-01,0  
659,-2.2194521e-01,0  
660,-2.3123275e-01,0  
661,-2.8695808e-01,0  
662,-1.7550744e-01,0  
663,-2.3123275e-01,0  
664,-3.1482074e-01,0  
665,-2.8695808e-01,0  
666,-2.6838297e-01,0  
667,-2.8695808e-01,0  
668,-3.4268339e-01,0  
669,-2.5909541e-01,0  
670,-3.0553319e-01,0  
671,-3.7983361e-01,0  
672,-3.3339584e-01,0  
673,-3.5197095e-01,0  
674,-3.2410829e-01,0  
675,-3.1482074e-01,0  
676,-3.5197095e-01,0  
677,-3.2410829e-01,0  
678,-3.7983361e-01,0  
679,-4.0769627e-01,0  
680,2.4689064e-01,2  
681,2.4689064e-01,0  
682,2.7224717e-01,0  
683,2.5196194e-01,0  
684,2.0632018e-01,0  
685,1.9617756e-01,0  
686,2.4181933e-01,0  
687,1.9617756e-01,0  
688,1.8603495e-01,0  
689,1.2010795e-01,0  
690,1.0996534e-01,0  
691,1.0996534e-01,0  
692,1.4039318e-01,0  
693,8.9680105e-02,0  
694,4.9109646e-02,0  
695,9.4751413e-02,0  
696,1.2517926e-01,0  
697,4.9109646e-02,0  
698,9.4751413e-02,0  
699,8.4608798e-02,0  
700,1.8681801e-02,0  
701,1.3610494e-02,0  
702,5.4180953e-02,0  
703,3.4678795e-03,0  
704,4.4038339e-02,0  
705,3.8967031e-02,0  
706,4.4038339e-02,0  
707,6.9394876e-02,0  
708,1.2517926e-01,0  
709,1.8603495e-01,0  
710,2.4181933e-01,0  
711,2.5196194e-01,0  
712,3.1281763e-01,0  
713,2.7731848e-01,0  
714,1.3025057e-01,0  
715,-6.6747353e-03,0  
716,-6.2459116e-02,0  
717,-1.6388526e-01,0  
718,-1.2838611e-01,0  
719,-1.5881396e-01,0  
720,-1.9938442e-01,0  
721,-1.9938442e-01,0  
722,-1.6388526e-01,0  
723,-1.5881396e-01,0  
724,-1.7402788e-01,0  
725,-1.4360004e-01,0  
726,-1.6388526e-01,0  
727,1.1503665e-01,0  
728,1.6161436e+00,0  
729,3.8069485e+00,0  
730,1.9609925e+00,0  
731,-3.0139600e+00,0  
732,-6.3914507e+00,0  
733,-5.4076171e+00,0  
734,-3.4145933e+00,0  
735,-1.7917750e+00,0  
736,-7.6737084e-01,0  
737,-4.2252195e-01,0  
738,-2.5009749e-01,0  
739,-1.6388526e-01,0  
740,-8.2744347e-02,0  
741,-8.2744347e-02,0  
742,-4.2173887e-02,0  
743,8.5391868e-03,0  
744,3.8967031e-02,0  
745,3.3895724e-02,0  
746,1.0996534e-01,0  
747,1.4039318e-01,0  
748,2.8746109e-01,0  
749,3.7367332e-01,0  
750,5.2581254e-01,0  
751,7.3373615e-01,0  
752,9.4165975e-01,0  
753,1.1647973e+00,0  
754,1.3524356e+00,0  
755,1.4741470e+00,0  
756,1.5654305e+00,0  
757,1.5705019e+00,0  
758,1.4386479e+00,0  
759,1.1445121e+00,0  
760,8.5037621e-01,0  
761,5.9173954e-01,0  
762,3.3310286e-01,0  
763,2.1646279e-01,0  
764,1.0996534e-01,0  
765,4.9109646e-02,0  
766,-1.6817350e-02,0  
767,-2.6959965e-02,0  
768,-6.7530424e-02,0  
769,-1.1746043e-02,0  
770,-2.1888657e-02,0  
771,-2.6959965e-02,0  
772,1.8681801e-02,0  
773,8.5391868e-03,0  
774,2.8824417e-02,0  
775,3.3895724e-02,0  
776,2.3753110e-02,0  
777,5.9252261e-02,0  
778,3.8967031e-02,0  
779,2.3753110e-02,0  
780,3.4678795e-03,0  
781,-3.7102580e-02,0  
782,-1.1746043e-02,0  
783,-3.7102580e-02,0  
784,-6.7530424e-02,0  
785,-5.7387809e-02,0  
786,-4.7245195e-02,0  
787,-1.1317219e-01,0  
788,-1.0810088e-01,0  
789,-1.0810088e-01,0  
790,-1.3852873e-01,0  
791,-1.0810088e-01,0  
792,-1.2838611e-01,0  
793,-1.2838611e-01,0  
794,-1.3345742e-01,0  
795,-1.2838611e-01,0  
796,-1.0810088e-01,0  
797,-1.5881396e-01,0  
798,-1.3345742e-01,0  
799,-1.7909919e-01,0  
800,-1.7909919e-01,0  
801,-8.2744347e-02,0  
802,8.5391868e-03,0  
803,5.9252261e-02,0  
804,8.4608798e-02,0  
805,1.2010795e-01,0  
806,2.0632018e-01,0  
807,-4.2173887e-02,0  
808,-1.7402788e-01,0  
809,-1.7402788e-01,0  
810,-3.0588187e-01,0  
811,-2.7038272e-01,0  
812,-3.3123840e-01,0  
813,-3.3123840e-01,0  
814,-3.2109579e-01,0  
815,-3.2616710e-01,0  
816,-5.3259342e-01,2  
817,-4.8285139e-01,0  
818,-4.9943206e-01,0  
819,-4.8285139e-01,0  
820,-4.5798036e-01,0  
821,-4.7456104e-01,0  
822,-4.3310934e-01,0  
823,-4.5798036e-01,0  
824,-4.2481900e-01,0  
825,-4.4139967e-01,0  
826,-4.4139967e-01,0  
827,-4.2481900e-01,0  
828,-4.2481900e-01,0  
829,-4.2481900e-01,0  
830,-4.2481900e-01,0  
831,-4.4969002e-01,0  
832,-4.0823832e-01,0  
833,-4.3310934e-01,0  
834,-4.0823832e-01,0  
835,-4.9114172e-01,0  
836,-4.8285139e-01,0  
837,-3.9165764e-01,0  
838,-4.0823832e-01,0  
839,-4.2481900e-01,0  
840,-4.0823832e-01,0  
841,-3.9994797e-01,0  
842,-3.7507695e-01,0  
843,-4.2481900e-01,0  
844,-3.5020593e-01,0  
845,-4.0823832e-01,0  
846,-3.7507695e-01,0  
847,-3.9165764e-01,0  
848,-4.0823832e-01,0  
849,-2.2585083e-01,0  
850,-1.0978606e-01,0  
851,-8.4915037e-02,0  
852,-2.0927014e-01,0  
853,-4.2481900e-01,0  
854,-5.9062581e-01,0  
855,-6.4865819e-01,0  
856,-6.8181956e-01,0  
857,-5.9062581e-01,0  
858,-3.9994797e-01,0  
859,-4.1652865e-01,0  
860,-3.5849627e-01,0  
861,-3.5849627e-01,0  
862,-3.5020593e-01,0  
863,-3.0875423e-01,0  
864,-2.9217355e-01,0  
865,-2.8388321e-01,0  
866,-2.4243150e-01,0  
867,-2.8388321e-01,0  
868,-1.4294741e-01,0  
869,7.7728039e-01,0  
870,-1.0051428e+00,0  
871,-3.9979558e+00,0  
872,-6.1285734e+00,0  
873,-4.4456342e+00,0  
874,-3.2601154e+00,0  
875,-2.0994678e+00,0  
876,-1.1212076e+00,0  
877,-4.9114172e-01,0  
878,-1.4294741e-01,0  
879,-8.4915037e-02,0  
880,-2.0116264e-03,0  
881,2.2859395e-02,0  
882,9.7472461e-02,0  
883,1.3063382e-01,0  
884,1.1405314e-01,0  
885,1.8866621e-01,0  
886,1.3063382e-01,0  
887,1.8037587e-01,0  
888,2.8815029e-01,0  
889,3.4618268e-01,0  
890,4.2079575e-01,0  
891,5.2027983e-01,0  
892,6.0318324e-01,0  
893,7.9386108e-01,0  
894,9.6795822e-01,0  
895,1.1669264e+00,0  
896,1.3493139e+00,0  
897,1.4405076e+00,0  
898,1.6394758e+00,0  
899,1.6228951e+00,0  
900,1.3493139e+00,0  
901,1.0591519e+00,0  
902,7.8557073e-01,0  
903,5.3686052e-01,0  
904,3.7934404e-01,0  
905,3.5447301e-01,0  
906,3.3789234e-01,0  
907,3.2960200e-01,0  
908,2.6327927e-01,0  
909,2.6327927e-01,0  
910,2.9644064e-01,0  
911,3.3789234e-01,0  
912,3.7934404e-01,0  
913,3.6276336e-01,0  
914,4.5395710e-01,0  
915,4.3737643e-01,0  
916,4.3737643e-01,0  
917,4.5395710e-01,0  
918,4.6224745e-01,0  
919,5.7831222e-01,0  
920,5.7002187e-01,0  
921,5.3686052e-01,0  
922,5.4515085e-01,0  
923,5.7831222e-01,0  
924,5.6173154e-01,0  
925,5.8660256e-01,0  
926,6.3634460e-01,0  
927,6.6121562e-01,0  
928,6.8608664e-01,0  
929,6.1976392e-01,0  
930,6.1147357e-01,0  
931,6.6950596e-01,0  
932,6.0318324e-01,0  
933,6.6121562e-01,0  
934,5.7831222e-01,0  
935,6.2805426e-01,0  
936,6.6950596e-01,0  
937,6.9437699e-01,0  
938,7.1095766e-01,0  
939,6.9437699e-01,0  
940,6.4463494e-01,0  
941,6.9437699e-01,0  
942,7.6899005e-01,0  
943,7.2753834e-01,0  
944,8.4360311e-01,0  
945,9.5137754e-01,0  
946,9.9282924e-01,0  
947,8.3531278e-01,0  
948,7.5240936e-01,0  
949,6.0318324e-01,0  
950,5.7831222e-01,0  
951,4.9540881e-01,0  
952,1.6230138e-01,1  
953,1.2308542e-01,0  
954,1.5109682e-01,0  
955,1.1748313e-01,0  
956,1.7350594e-01,0  
957,1.1188086e-01,0  
958,1.3428998e-01,0  
959,1.4549454e-01,0  
960,1.0067629e-01,0  
961,1.0067629e-01,0  
962,1.0067629e-01,0  
963,6.7062602e-02,0  
964,7.8267164e-02,0  
965,3.3448914e-02,0  
966,7.8267164e-02,0  
967,7.8267164e-02,0  
968,2.7846633e-02,0  
969,4.4653477e-02,0  
970,6.1460320e-02,0  
971,1.6642071e-02,0  
972,1.1039789e-02,0  
973,6.1460320e-02,0  
974,2.2244352e-02,0  
975,1.1039789e-02,0  
976,3.3448914e-02,0  
977,5.5858039e-02,0  
978,3.3448914e-02,0  
979,5.4375081e-03,0  
980,-1.1369335e-02,0  
981,-5.0585303e-02,0  
982,-3.9380741e-02,0  
983,1.6642071e-02,0  
984,5.4375081e-03,0  
985,-2.8176179e-02,0  
986,9.5074010e-02,0  
987,1.7350594e-01,0  
988,1.6230138e-01,0  
989,2.0711963e-01,0  
990,3.0796069e-01,0  
991,1.5669910e-01,0  
992,-2.2573898e-02,0  
993,-7.8596709e-02,0  
994,-1.9624461e-01,0  
995,-6.7392147e-02,0  
996,-2.5786971e-01,0  
997,-2.5226742e-01,0  
998,-2.2425602e-01,0  
999,-2.0184690e-01,0  
1000,-2.5226742e-01,0  
1001,-1.9064234e-01,0  
1002,-2.1305146e-01,0  
1003,-1.5142636e-01,0  
1004,-1.5142636e-01,0  
1005,1.6642071e-02,0  
1006,1.0978823e+00,0  
1007,3.1203058e+00,0  
1008,1.0530641e+00,0  
1009,-3.2494879e+00,0  
1010,-6.0002080e+00,0  
1011,-4.9693882e+00,0  
1012,-2.9245555e+00,0  
1013,-1.3503145e+00,0  
1014,-5.4918833e-01,0  
1015,-2.7467656e-01,0  
1016,-1.7943777e-01,0  
1017,-1.1781268e-01,0  
1018,-4.4983022e-02,0  
1019,-1.6971616e-02,0  
1020,5.5858039e-02,0  
1021,8.9471725e-02,0  
1022,3.9051195e-02,0  
1023,7.2664883e-02,0  
1024,8.3869449e-02,0  
1025,2.0151735e-01,0  
1026,2.6314245e-01,0  
1027,3.1356297e-01,0  
1028,4.1440404e-01,0  
1029,5.0404053e-01,0  
1030,5.9367703e-01,0  
1031,7.9535915e-01,0  
1032,9.5222303e-01,0  
1033,1.2547463e+00,0  
1034,1.4844398e+00,0  
1035,1.7925652e+00,0  
1036,2.0110542e+00,0  
1037,2.2519523e+00,0  
1038,2.2631568e+00,0  
1039,2.1567135e+00,0  
1040,2.0334633e+00,0  
1041,1.5740762e+00,0  
1042,1.0922800e+00,0  
1043,6.8331353e-01,0  
1044,3.1356297e-01,0  
1045,1.1748313e-01,0  
1046,-2.8176179e-02,0  
1047,-1.2901724e-01,0  
1048,-1.6823321e-01,0  
1049,-1.2341495e-01,0  
1050,-1.6263093e-01,0  
1051,-1.1781268e-01,0  
1052,-6.1789866e-02,0  
1053,-1.0660812e-01,0  
1054,-6.7392147e-02,0  
1055,-6.7392147e-02,0  
1056,-2.2573898e-02,0  
1057,-2.2573898e-02,0  
1058,-9.5403553e-02,0  
1059,-5.0585303e-02,0  
1060,-1.0660812e-01,0  
1061,-1.2341495e-01,0  
1062,-1.2901724e-01,0  
1063,-1.6823321e-01,0  
1064,-1.8504005e-01,0  
1065,-1.6823321e-01,0  
1066,-2.1865374e-01,0  
1067,-2.1865374e-01,0  
1068,-2.2425602e-01,0  
1069,-2.5786971e-01,0  
1070,-2.8588112e-01,0  
1071,-3.0829024e-01,0  
1072,-3.0829024e-01,0  
1073,-3.4190393e-01,0  
1074,-3.6991533e-01,0  
1075,-3.4750620e-01,0  
1076,-3.8111989e-01,0  
1077,-3.8111989e-01,0  
1078,-4.0352902e-01,0  
1079,-3.5310849e-01,0  
1080,-3.8672218e-01,0  
1081,-4.2033586e-01,0  
1082,-4.4274498e-01,0  
1083,-4.4834727e-01,0  
1084,-4.2593815e-01,0  
1085,-4.2593815e-01,0  
1086,-4.3154042e-01,0  
1087,-4.0913130e-01,0  
1088,2.1071340e-01,2  
1089,2.3165768e-01,0  
1090,2.3689375e-01,0  
1091,2.5260197e-01,0  
1092,2.4736590e-01,0  
1093,2.6307412e-01,0  
1094,2.2642161e-01,0  
1095,2.1594947e-01,0  
1096,2.0024126e-01,0  
1097,1.7929697e-01,0  
1098,1.5311661e-01,0  
1099,1.6882482e-01,0  
1100,1.2693624e-01,0  
1101,1.3740839e-01,0  
1102,1.1646410e-01,0  
1103,1.2693624e-01,0  
1104,9.5519813e-02,0  
1105,9.5519813e-02,0  
1106,1.1646410e-01,0  
1107,9.0283741e-02,0  
1108,9.5519813e-02,0  
1109,7.4575525e-02,0  
1110,6.9339453e-02,0  
1111,6.9339453e-02,0  
1112,9.0283741e-02,0  
1113,7.4575525e-02,0  
1114,5.8867309e-02,0  
1115,7.4575525e-02,0  
1116,6.4103381e-02,0  
1117,1.3740839e-01,0  
1118,2.2118555e-01,0  
1119,2.6307412e-01,0  
1120,3.0496270e-01,0  
1121,3.4685128e-01,0  
1122,3.9921199e-01,0  
1123,1.9500518e-01,0  
1124,5.3631238e-02,0  
1125,4.8395165e-02,0  
1126,-5.6326275e-02,0  
1127,-3.9655554e-03,0  
1128,-1.0868700e-01,0  
1129,-8.7742708e-02,0  
1130,-8.7742708e-02,0  
1131,-6.6798420e-02,0  
1132,-8.7742708e-02,0  
1133,-4.0618059e-02,0  
1134,-3.0145915e-02,0  
1135,-3.0145915e-02,0  
1136,-9.2016274e-03,0  
1137,6.8195988e-01,0  
1138,2.6926116e+00,0  
1139,3.4989667e+00,0  
1140,-7.7270564e-02,0  
1141,-4.9520536e+00,0  
1142,-6.4757506e+00,0  
1143,-4.4598628e+00,0  
1144,-2.6848344e+00,0  
1145,-1.1611375e+00,0  
1146,-4.9615632e-01,0  
1147,-2.8671345e-01,0  
1148,-1.8199200e-01,0  
1149,-1.0868700e-01,0  
1150,-8.7742708e-02,0  
1151,-5.1090204e-02,0  
1152,1.6978733e-02,0  
1153,6.9339453e-02,0  
1154,9.5519813e-02,0  
1155,1.6882482e-01,0  
1156,2.0024126e-01,0  
1157,2.9449055e-01,0  
1158,3.7303163e-01,0  
1159,5.1440557e-01,0  
1160,6.6625166e-01,0  
1161,8.5475026e-01,0  
1162,1.0641932e+00,0  
1163,1.2631639e+00,0  
1164,1.4202460e+00,0  
1165,1.5040232e+00,0  
1166,1.5197314e+00,0  
1167,1.4778429e+00,0  
1168,1.2841082e+00,0  
1169,1.0013602e+00,0  
1170,6.9766810e-01,0  
1171,4.5680879e-01,0  
1172,2.6831019e-01,0  
1173,1.5311661e-01,0  
1174,4.8395165e-02,0  
1175,6.5065887e-03,0  
1176,-9.2016274e-03,0  
1177,-3.0145915e-02,0  
1178,-5.1090204e-02,0  
1179,-5.1090204e-02,0  
1180,-6.1562348e-02,0  
1181,-1.4437699e-02,0  
1182,-4.0618059e-02,0  
1183,6.5065887e-03,0  
1184,3.2686949e-02,0  
1185,4.8395165e-02,0  
1186,2.2214805e-02,0  
1187,1.1742661e-02,0  
1188,-4.0618059e-02,0  
1189,-1.4437699e-02,0  
1190,-5.6326275e-02,0  
1191,-3.9655554e-03,0  
1192,-1.1392307e-01,0  
1193,-1.5057558e-01,0  
1194,-1.0868700e-01,0  
1195,-8.7742708e-02,0  
1196,-1.2439521e-01,0  
1197,-1.2439521e-01,0  
1198,-1.9246414e-01,0  
1199,-1.6104772e-01,0  
1200,-1.7151986e-01,0  
1201,-2.1864451e-01,0  
1202,-2.1864451e-01,0  
1203,-2.0293629e-01,0  
1204,-2.0293629e-01,0  
1205,-2.2388058e-01,0  
1206,-2.8671345e-01,0  
1207,-2.4482487e-01,0  
1208,-2.5006094e-01,0  
1209,-3.0242167e-01,0  
1210,-2.9718559e-01,0  
1211,-3.0242167e-01,0  
1212,-2.3958880e-01,0  
1213,-1.0345092e-01,0  
1214,-1.0345092e-01,0  
1215,-7.7270564e-02,0  
1216,-4.0618059e-02,0  
1217,3.2686949e-02,0  
1218,-1.9246414e-01,0  
1219,-2.3958880e-01,0  
1220,-3.1812987e-01,0  
1221,-4.2808739e-01,0  
1222,-4.0190703e-01,0  
1223,-4.4379561e-01,0  
1224,2.3384841e-01,1  
1225,2.3384841e-01,0  
1226,1.8935571e-01,0  
1227,2.7834111e-01,0  
1228,2.1605133e-01,0  
1229,2.3384841e-01,0  
1230,1.9825425e-01,0  
1231,2.2494987e-01,0  
1232,2.0715279e-01,0  
1233,1.7155862e-01,0  
1234,1.9825425e-01,0  
1235,2.2494987e-01,0  
1236,1.8045717e-01,0  
1237,1.5376155e-01,0  
1238,1.4486300e-01,0  
1239,1.2706593e-01,0  
1240,1.7155862e-01,0  
1241,1.4486300e-01,0  
1242,1.6266009e-01,0  
1243,1.6266009e-01,0  
1244,1.7155862e-01,0  
1245,1.4486300e-01,0  
1246,1.0926884e-01,0  
1247,1.3596446e-01,0  
1248,1.5376155e-01,0  
1249,1.1816738e-01,0  
1250,1.6266009e-01,0  
1251,7.3674682e-02,0  
1252,1.2706593e-01,0  
1253,7.3674682e-02,0  
1254,7.3674682e-02,0  
1255,4.6979061e-02,0  
1256,3.8080520e-02,0  
1257,2.9613820e-01,0  
1258,3.3173236e-01,0  
1259,3.4952944e-01,0  
1260,1.3596446e-01,0  
1261,-8.6499046e-02,0  
1262,-2.7336840e-01,0  
1263,-2.4667277e-01,0  
1264,-6.8701965e-02,0  
1265,-6.8701965e-02,0  
1266,-2.4209263e-02,0  
1267,-5.9803425e-02,0  
1268,-6.8701965e-02,0  
1269,-6.4121823e-03,0  
1270,-2.4209263e-02,0  
1271,-5.9803425e-02,0  
1272,1.1384899e-02,0  
1273,3.8080520e-02,0  
1274,2.0283439e-02,0  
1275,2.0283439e-02,0  
1276,3.7622506e-01,0  
1277,1.2126879e+00,0  
1278,-2.4090181e+00,0  
1279,-5.3811307e+00,0  
1280,-5.8527533e+00,0  
1281,-4.2510160e+00,0  
1282,-2.2043517e+00,0  
1283,-1.2967006e+00,0  
1284,-5.7591877e-01,0  
1285,-6.8701965e-02,0  
1286,6.4776142e-02,0  
1287,1.5376155e-01,0  
1288,1.1816738e-01,0  
1289,2.6054403e-01,0  
1290,2.2494987e-01,0  
1291,2.7834111e-01,0  
1292,2.3384841e-01,0  
1293,3.3173236e-01,0  
1294,3.2283382e-01,0  
1295,2.6944257e-01,0  
1296,3.9402213e-01,0  
1297,4.2961630e-01,0  
1298,4.2071776e-01,0  
1299,4.6521046e-01,0  
1300,5.8979003e-01,0  
1301,7.3216668e-01,0  
1302,8.5674624e-01,0  
1303,1.0258185e+00,0  
1304,1.2215864e+00,0  
1305,1.4618470e+00,0  
1306,1.7377017e+00,0  
1307,1.9423682e+00,0  
1308,2.1915273e+00,0  
1309,2.1915273e+00,0  
1310,2.2449185e+00,0  
1311,1.8444842e+00,0  
1312,1.3461660e+00,0  
1313,8.0335500e-01,0  
1314,3.9402213e-01,0  
1315,1.2706593e-01,0  
1316,1.1384899e-02,0  
1317,-1.0429613e-01,0  
1318,-1.1319467e-01,0  
1319,-6.8701965e-02,0  
1320,-1.1319467e-01,0  
1321,-1.3099175e-01,0  
1322,-2.4209263e-02,0  
1323,-5.9803425e-02,0  
1324,-1.4878883e-01,0  
1325,-8.6499046e-02,0  
1326,-6.8701965e-02,0  
1327,-2.4209263e-02,0  
1328,-3.3107804e-02,0  
1329,-5.0904885e-02,0  
1330,-1.2209320e-01,0  
1331,-1.5768737e-01,0  
1332,-1.2209320e-01,0  
1333,-1.3989029e-01,0  
1334,-1.7548446e-01,0  
1335,-1.8438299e-01,0  
1336,-2.1997715e-01,0  
1337,-2.1997715e-01,0  
1338,-3.0006402e-01,0  
1339,-2.2887570e-01,0  
1340,-2.3777423e-01,0  
1341,-3.1786110e-01,0  
1342,-2.7336840e-01,0  
1343,-3.2675964e-01,0  
1344,-3.0006402e-01,0  
1345,-3.6235380e-01,0  
1346,-2.8226694e-01,0  
1347,-3.0006402e-01,0  
1348,-3.1786110e-01,0  
1349,-3.7125234e-01,0  
1350,-3.8904942e-01,0  
1351,-3.8904942e-01,0  
1352,-3.0896256e-01,0  
1353,-3.2675964e-01,0  
1354,-3.4455672e-01,0  
1355,-3.7125234e-01,0  
1356,-4.2464359e-01,0  
1357,-3.7125234e-01,0  
1358,-3.4455672e-01,0  
1359,-4.8693337e-01,0  
1360,-4.0021891e-02,1  
1361,7.1591555e-03,0  
1362,2.8699691e-03,0  
1363,-1.8575961e-02,0  
1364,-5.2889450e-02,0  
1365,-2.2865147e-02,0  
1366,-5.7178635e-02,0  
1367,-1.0864887e-01,0  
1368,-6.5757008e-02,0  
1369,-8.2913752e-02,0  
1370,-1.0864887e-01,0  
1371,-1.0435968e-01,0  
1372,-1.2580561e-01,0  
1373,-1.2151642e-01,0  
1374,-7.8624566e-02,0  
1375,-1.3438398e-01,0  
1376,-1.2151642e-01,0  
1377,-1.3867317e-01,0  
1378,-1.5582992e-01,0  
1379,-1.4296236e-01,0  
1380,-1.6440829e-01,0  
1381,-1.5582992e-01,0  
1382,-1.7298666e-01,0  
1383,-1.6869748e-01,0  
1384,-1.8585422e-01,0  
1385,-1.7727585e-01,0  
1386,-1.8585422e-01,0  
1387,-1.7727585e-01,0  
1388,-2.0730015e-01,0  
1389,-1.8156503e-01,0  
1390,-1.9872178e-01,0  
1391,-2.0730015e-01,0  
1392,-1.0435968e-01,0  
1393,-9.5781310e-02,0  
1394,-3.1443520e-02,0  
1395,-4.0021891e-02,0  
1396,-6.5757008e-02,0  
1397,-2.1587852e-01,0  
1398,-2.4590283e-01,0  
1399,-2.5877038e-01,0  
1400,-3.1024061e-01,0  
1401,-2.6734876e-01,0  
1402,-2.9308387e-01,0  
1403,-2.8879468e-01,0  
1404,-3.0595143e-01,0  
1405,-3.1452980e-01,0  
1406,-3.0595143e-01,0  
1407,-2.6734876e-01,0  
1408,-3.1452980e-01,0  
1409,-2.6734876e-01,0  
1410,-2.8450550e-01,0  
1411,-1.6869748e-01,0  
1412,1.1995529e+00,0  
1413,5.9477765e-01,0  
1414,-2.0173366e+00,0  
1415,-3.7844813e+00,0  
1416,-4.7838617e+00,0  
1417,-3.3941654e+00,0  
1418,-1.8757935e+00,0  
1419,-8.3352132e-01,0  
1420,-3.7457841e-01,0  
1421,-2.0301096e-01,0  
1422,-1.3438398e-01,0  
1423,-7.0046194e-02,0  
1424,-4.4311078e-02,0  
1425,2.8699691e-03,0  
1426,2.0026714e-02,0  
1427,6.2918574e-02,0  
1428,9.7232060e-02,0  
1429,1.4012392e-01,0  
1430,1.6585904e-01,0  
1431,2.7308869e-01,0  
1432,3.3313729e-01,0  
1433,4.0176427e-01,0  
1434,5.2615068e-01,0  
1435,6.6340463e-01,0  
1436,8.2639370e-01,0  
1437,1.0665881e+00,0  
1438,1.3325177e+00,0  
1439,1.6970985e+00,0  
1440,2.0616792e+00,0  
1441,2.4562844e+00,0  
1442,2.7865518e+00,0  
1443,3.1511326e+00,0  
1444,3.2969649e+00,0  
1445,3.1682893e+00,0  
1446,2.7693950e+00,0  
1447,2.1817765e+00,0  
1448,1.4826392e+00,0  
1449,8.6499637e-01,0  
1450,4.3178858e-01,0  
1451,1.5299149e-01,0  
1452,3.7183459e-02,0  
1453,-5.7178635e-02,0  
1454,-8.2913752e-02,0  
1455,-1.0007050e-01,0  
1456,-1.1722724e-01,0  
1457,-1.0864887e-01,0  
1458,-9.1492125e-02,0  
1459,-6.5757008e-02,0  
1460,-1.0864887e-01,0  
1461,-5.7084026e-03,0  
1462,-2.2865147e-02,0  
1463,-2.7154333e-02,0  
1464,-4.4311078e-02,0  
1465,-7.0046194e-02,0  
1466,-7.4335380e-02,0  
1467,-1.0007050e-01,0  
1468,-1.3009480e-01,0  
1469,-1.3009480e-01,0  
1470,-1.3438398e-01,0  
1471,-1.7298666e-01,0  
1472,-1.7298666e-01,0  
1473,-1.9014340e-01,0  
1474,-2.0301096e-01,0  
1475,-2.1587852e-01,0  
1476,-2.5019201e-01,0  
1477,-2.8021631e-01,0  
1478,-2.7163794e-01,0  
1479,-2.6734876e-01,0  
1480,-2.5877038e-01,0  
1481,-3.0166224e-01,0  
1482,-2.3303526e-01,0  
1483,-3.1024061e-01,0  
1484,-2.7592713e-01,0  
1485,-2.9308387e-01,0  
1486,-3.4026492e-01,0  
1487,-3.1881898e-01,0  
1488,-3.3168655e-01,0  
1489,-3.3168655e-01,0  
1490,-3.0595143e-01,0  
1491,-3.1024061e-01,0  
1492,-3.2739735e-01,0  
1493,-3.1881898e-01,0  
1494,-3.2739735e-01,0  
1495,-3.4884329e-01,0  
1496,1.3000417e-01,1  
1497,1.2570443e-01,0  
1498,1.0850543e-01,0  
1499,1.2570443e-01,0  
1500,6.5507942e-02,0  
1501,6.5507942e-02,0  
1502,5.6908445e-02,0  
1503,5.6908445e-02,0  
1504,5.6908445e-02,0  
1505,3.1109951e-02,0  
1506,6.5507942e-02,0  
1507,1.3910954e-02,0  
1508,-8.4983273e-02,0  
1509,5.6908445e-02,0  
1510,3.1109951e-02,0  
1511,3.5409700e-02,0  
1512,-2.4786786e-02,0  
1513,-1.6187288e-02,0  
1514,2.2510452e-02,0  
1515,-7.5877906e-03,0  
1516,-3.2880416e-03,0  
1517,-3.2880416e-03,0  
1518,-3.3386285e-02,0  
1519,-3.7686034e-02,0  
1520,-7.5877906e-03,0  
1521,-4.1985782e-02,0  
1522,-6.3484528e-02,0  
1523,-7.6383774e-02,0  
1524,-7.2084025e-02,0  
1525,-2.0487037e-02,0  
1526,-2.9086536e-02,0  
1527,6.9807691e-02,0  
1528,5.2608695e-02,0  
1529,9.5606185e-02,0  
1530,1.5580267e-01,0  
1531,-2.0487037e-02,0  
1532,-1.0648201e-01,0  
1533,-1.7097826e-01,0  
1534,-2.2257524e-01,0  
1535,-1.9247700e-01,0  
1536,-2.3117474e-01,0  
1537,-2.6127298e-01,0  
1538,-2.5697323e-01,0  
1539,-2.8277173e-01,0  
1540,-2.6127298e-01,0  
1541,-2.3547449e-01,0  
1542,-2.3547449e-01,0  
1543,-2.7847198e-01,0  
1544,-2.3547449e-01,0  
1545,5.6908445e-02,0  
1546,1.4887248e+00,0  
1547,1.4371279e+00,0  
1548,-1.3534092e+00,0  
1549,-4.4664275e+00,0  
1550,-5.3306771e+00,0  
1551,-3.7397699e+00,0  
1552,-1.9424748e+00,0  
1553,-8.5033859e-01,0  
1554,-3.9886495e-01,0  
1555,-2.3547449e-01,0  
1556,-1.4517976e-01,0  
1557,-7.6383774e-02,0  
1558,-5.0585280e-02,0  
1559,1.3910954e-02,0  
1560,3.9709448e-02,0  
1561,6.1208194e-02,0  
1562,8.7006688e-02,0  
1563,1.3430393e-01,0  
1564,1.4290342e-01,0  
1565,2.4609740e-01,0  
1566,3.0199414e-01,0  
1567,3.7938962e-01,0  
1568,4.6968435e-01,0  
1569,5.7717807e-01,0  
1570,7.7496653e-01,0  
1571,9.7705473e-01,0  
1572,1.2436391e+00,0  
1573,1.5403218e+00,0  
1574,1.8800020e+00,0  
1575,2.2325814e+00,0  
1576,2.5249643e+00,0  
1577,2.7915488e+00,0  
1578,2.9420400e+00,0  
1579,2.8216471e+00,0  
1580,2.4432691e+00,0  
1581,1.8800020e+00,0  
1582,1.2436391e+00,0  
1583,7.1047030e-01,0  
1584,3.5789087e-01,0  
1585,1.1710493e-01,0  
1586,-3.2880416e-03,0  
1587,-6.3484528e-02,0  
1588,-1.0218227e-01,0  
1589,-1.2368101e-01,0  
1590,-8.9283022e-02,0  
1591,-1.1508152e-01,0  
1592,-1.0648201e-01,0  
1593,-2.9086536e-02,0  
1594,-6.7784276e-02,0  
1595,-7.2084025e-02,0  
1596,-5.9184779e-02,0  
1597,-4.6285531e-02,0  
1598,-7.2084025e-02,0  
1599,-8.9283022e-02,0  
1600,-1.2368101e-01,0  
1601,-1.3658026e-01,0  
1602,-1.7957775e-01,0  
1603,-2.0967599e-01,0  
1604,-2.1827549e-01,0  
1605,-2.5267348e-01,0  
1606,-2.5697323e-01,0  
1607,-2.6127298e-01,0  
1608,-2.6987248e-01,0  
1609,-2.7847198e-01,0  
1610,-2.9567098e-01,0  
1611,-2.9137122e-01,0  
1612,-3.1286997e-01,0  
1613,-3.2146946e-01,0  
1614,-3.2576922e-01,0  
1615,-3.5586746e-01,0  
1616,-3.3866847e-01,0  
1617,-3.5586746e-01,0  
1618,-3.4726796e-01,0  
1619,-3.3866847e-01,0  
1620,-3.4726796e-01,0  
1621,-3.9886495e-01,0  
1622,-3.9456520e-01,0  
1623,-3.8166595e-01,0  
1624,-3.6446695e-01,0  
1625,-3.8166595e-01,0  
1626,-3.9026545e-01,0  
1627,-4.1606395e-01,0  
1628,-4.0746445e-01,0  
1629,-4.2036369e-01,0  
1630,-4.0746445e-01,0  
1631,-4.1606395e-01,0  
1632,2.6950045e-02,1  
1633,1.0514144e-02,0  
1634,-1.4139709e-02,0  
1635,-1.8127827e-03,0  
1636,2.2961927e-03,0  
1637,-1.0030734e-02,0  
1638,-3.0575611e-02,0  
1639,-2.6466635e-02,0  
1640,-5.9338438e-02,0  
1641,-1.8127827e-03,0  
1642,-5.1120487e-02,0  
1643,-4.2902537e-02,0  
1644,-5.9338438e-02,0  
1645,-4.7011513e-02,0  
1646,-5.9338438e-02,0  
1647,-6.7556390e-02,0  
1648,-7.1665365e-02,0  
1649,-5.9338438e-02,0  
1650,-1.0864615e-01,0  
1651,-6.7556390e-02,0  
1652,-8.3992292e-02,0  
1653,-9.6319217e-02,0  
1654,-9.6319217e-02,0  
1655,-9.2210242e-02,0  
1656,-1.0453717e-01,0  
1657,-1.5384488e-01,0  
1658,-7.5774341e-02,0  
1659,-1.2097307e-01,0  
1660,-5.9338438e-02,0  
1661,2.2961927e-03,0  
1662,1.0514144e-02,0  
1663,9.2693652e-02,0  
1664,2.2961927e-03,0  
1665,-2.6466635e-02,0  
1666,-1.6617180e-01,0  
1667,-1.8260770e-01,0  
1668,-2.2780644e-01,0  
1669,-1.9904361e-01,0  
1670,-2.2780644e-01,0  
1671,-2.3191541e-01,0  
1672,-2.4424233e-01,0  
1673,-2.8122311e-01,0  
1674,-2.3602438e-01,0  
1675,-2.4424233e-01,0  
1676,-2.4835130e-01,0  
1677,-2.1547951e-01,0  
1678,-2.3602438e-01,0  
1679,-2.5246028e-01,0  
1680,4.8304631e-01,0  
1681,1.1774632e+00,0  
1682,-1.0906913e+00,0  
1683,-2.9602751e+00,0  
1684,-4.8339679e+00,0  
1685,-4.0655895e+00,0  
1686,-2.3316019e+00,0  
1687,-1.0742554e+00,0  
1688,-4.6201803e-01,0  
1689,-2.2780644e-01,0  
1690,-1.2919102e-01,0  
1691,-7.9883316e-02,0  
1692,-2.6466635e-02,0  
1693,3.1059021e-02,0  
1694,2.6950045e-02,0  
1695,9.6802632e-02,0  
1696,8.8584676e-02,0  
1697,1.6665521e-01,0  
1698,2.0774496e-01,0  
1699,2.3650779e-01,0  
1700,3.1046935e-01,0  
1701,3.9675784e-01,0  
1702,4.9948222e-01,0  
1703,6.0631558e-01,0  
1704,7.8711050e-01,0  
1705,9.8845031e-01,0  
1706,1.2514248e+00,0  
1707,1.5678158e+00,0  
1708,1.9211877e+00,0  
1709,2.2827775e+00,0  
1710,2.6772392e+00,0  
1711,3.0100662e+00,0  
1712,3.2401689e+00,0  
1713,3.2566048e+00,0  
1714,2.9854123e+00,0  
1715,2.3978289e+00,0  
1716,1.6910851e+00,0  
1717,1.0624118e+00,0  
1718,5.4468095e-01,0  
1719,2.0363599e-01,0  
1720,6.8039800e-02,0  
1721,-4.7011513e-02,0  
1722,-1.2097307e-01,0  
1723,-1.0864615e-01,0  
1724,-1.2919102e-01,0  
1725,-1.2097307e-01,0  
1726,-1.4973590e-01,0  
1727,-1.0453717e-01,0  
1728,-1.0042819e-01,0  
1729,-8.3992292e-02,0  
1730,-1.2508205e-01,0  
1731,-8.3992292e-02,0  
1732,-1.0042819e-01,0  
1733,-1.1275512e-01,0  
1734,-1.2919102e-01,0  
1735,-1.1686410e-01,0  
1736,-1.5384488e-01,0  
1737,-1.4151795e-01,0  
1738,-1.7849873e-01,0  
1739,-2.1137053e-01,0  
1740,-2.4835130e-01,0  
1741,-2.4835130e-01,0  
1742,-2.8944106e-01,0  
1743,-2.8533208e-01,0  
1744,-2.8944106e-01,0  
1745,-3.2231286e-01,0  
1746,-3.2231286e-01,0  
1747,-3.1409491e-01,0  
1748,-3.3874877e-01,0  
1749,-3.3874877e-01,0  
1750,-3.3874877e-01,0  
1751,-3.4285774e-01,0  
1752,-3.5107569e-01,0  
1753,-3.6751159e-01,0  
1754,-3.8394750e-01,0  
1755,-3.9216545e-01,0  
1756,-3.6751159e-01,0  
1757,-3.9216545e-01,0  
1758,-3.7572955e-01,0  
1759,-3.8394750e-01,0  
1760,-4.0860135e-01,0  
1761,-4.1681930e-01,0  
1762,-3.8394750e-01,0  
1763,-3.7572955e-01,0  
1764,-4.1271033e-01,0  
1765,-4.0038340e-01,0  
1766,-4.1271033e-01,0  
1767,-4.2503725e-01,0  
1768,1.9041830e+00,2  
1769,2.1213941e-01,0  
1770,1.6617553e-01,0  
1771,1.9835025e-01,0  
1772,1.9375386e-01,0  
1773,2.3052497e-01,0  
1774,2.0294664e-01,0  
1775,2.2133219e-01,0  
1776,1.9835025e-01,0  
1777,2.0294664e-01,0  
1778,1.9375386e-01,0  
1779,1.7996469e-01,0  
1780,1.5238635e-01,0  
1781,1.3859719e-01,0  
1782,1.2021163e-01,0  
1783,1.3400080e-01,0  
1784,9.2633305e-02,0  
1785,9.2633305e-02,0  
1786,5.5862193e-02,0  
1787,7.4247751e-02,0  
1788,5.1265804e-02,0  
1789,3.7476637e-02,0  
1790,1.4494693e-02,0  
1791,4.6669415e-02,0  
1792,2.8283860e-02,0  
1793,2.3687471e-02,0  
1794,9.8983050e-03,0  
1795,2.3687471e-02,0  
1796,2.8283860e-02,0  
1797,3.2880249e-02,0  
1798,1.9091083e-02,0  
1799,1.9091083e-02,0  
1800,-3.8908621e-03,0  
1801,1.4494693e-02,0  
1802,9.8983050e-03,0  
1803,9.7229693e-02,0  
1804,1.4319358e-01,0  
1805,2.1213941e-01,0  
1806,1.7536831e-01,0  
1807,1.6157914e-01,0  
1808,-8.4872505e-03,0  
1809,-3.6065584e-02,0  
1810,-1.0501142e-01,0  
1811,-1.1880058e-01,0  
1812,-1.2339697e-01,0  
1813,-1.5097531e-01,0  
1814,-1.7395725e-01,0  
1815,-1.4178252e-01,0  
1816,-1.7855364e-01,0  
1817,-1.4637892e-01,0  
1818,-1.6936086e-01,0  
1819,-1.3258975e-01,0  
1820,-1.4637892e-01,0  
1821,-1.4178252e-01,0  
1822,4.6669415e-02,0  
1823,1.8116827e+00,0  
1824,4.8792274e-01,0  
1825,-2.0171092e+00,0  
1826,-4.6048761e+00,0  
1827,-5.7080094e+00,0  
1828,-3.9797672e+00,0  
1829,-2.3572420e+00,0  
1830,-1.1667772e+00,0  
1831,-5.0949363e-01,0  
1832,-2.6128864e-01,0  
1833,-1.5097531e-01,0  
1834,-1.1420419e-01,0  
1835,-5.4451139e-02,0  
1836,-2.6872806e-02,0  
1837,-8.4872505e-03,0  
1838,3.7476637e-02,0  
1839,1.1101886e-01,0  
1840,1.7996469e-01,0  
1841,2.8108525e-01,0  
1842,3.6841664e-01,0  
1843,4.9711552e-01,0  
1844,6.6718191e-01,0  
1845,9.3377246e-01,0  
1846,1.2095558e+00,0  
1847,1.5404958e+00,0  
1848,1.8530502e+00,0  
1849,2.1793939e+00,0  
1850,2.4367917e+00,0  
1851,2.5792797e+00,0  
1852,2.5471049e+00,0  
1853,2.3034964e+00,0  
1854,1.8116827e+00,0  
1855,1.2279413e+00,0  
1856,6.9016385e-01,0  
1857,3.2245274e-01,0  
1858,9.2633305e-02,0  
1859,-2.6872806e-02,0  
1860,-1.0501142e-01,0  
1861,-1.6016809e-01,0  
1862,-1.6476447e-01,0  
1863,-1.7855364e-01,0  
1864,-1.9234280e-01,0  
1865,-1.6476447e-01,0  
1866,-1.8315003e-01,0  
1867,-1.4637892e-01,0  
1868,-1.1880058e-01,0  
1869,-1.3718613e-01,0  
1870,-1.2799336e-01,0  
1871,-1.2799336e-01,0  
1872,-1.3718613e-01,0  
1873,-1.2799336e-01,0  
1874,-1.3718613e-01,0  
1875,-1.4637892e-01,0  
1876,-1.9693919e-01,0  
1877,-1.8774642e-01,0  
1878,-2.2451752e-01,0  
1879,-2.0613197e-01,0  
1880,-2.5669225e-01,0  
1881,-2.2911391e-01,0  
1882,-2.6588503e-01,0  
1883,-2.6588503e-01,0  
1884,-2.9805975e-01,0  
1885,-2.6588503e-01,0  
1886,-2.9346336e-01,0  
1887,-2.8427058e-01,0  
1888,-3.1184891e-01,0  
1889,-2.6128864e-01,0  
1890,-2.9805975e-01,0  
1891,-3.2104169e-01,0  
1892,-3.1644530e-01,0  
1893,-3.1184891e-01,0  
1894,-3.2563808e-01,0  
1895,-3.3942724e-01,0  
1896,-3.6240919e-01,0  
1897,-3.0725252e-01,0  
1898,-2.3371030e-01,0  
1899,-1.8774642e-01,0  
1900,-1.2799336e-01,0  
1901,-1.3718613e-01,0  
1902,-1.3718613e-01,0  
1903,-2.5669225e-01,0  
1904,1.7533223e-01,2  
1905,1.8827985e-01,0  
1906,1.9259572e-01,0  
1907,2.0985921e-01,0  
1908,1.9259572e-01,0  
1909,1.8827985e-01,0  
1910,1.6238463e-01,0  
1911,1.4080527e-01,0  
1912,1.2785766e-01,0  
1913,1.0627831e-01,0  
1914,8.9014829e-02,0  
1915,9.3330700e-02,0  
1916,6.7435477e-02,0  
1917,5.8803736e-02,0  
1918,4.5856124e-02,0  
1919,5.0171994e-02,0  
1920,3.2908512e-02,0  
1921,3.7224383e-02,0  
1922,1.9960901e-02,0  
1923,3.7224383e-02,0  
1924,7.0132900e-03,0  
1925,2.6974194e-03,0  
1926,-2.3197804e-02,0  
1927,-2.3197804e-02,0  
1928,-1.4566063e-02,0  
1929,-4.0461285e-02,0  
1930,7.0132900e-03,0  
1931,-1.8881933e-02,0  
1932,2.8592642e-02,0  
1933,1.1059418e-01,0  
1934,1.4080527e-01,0  
1935,1.9691159e-01,0  
1936,2.0122746e-01,0  
1937,2.2280682e-01,0  
1938,1.9960901e-02,0  
1939,-9.2251731e-02,0  
1940,-1.1383109e-01,0  
1941,-1.5698979e-01,0  
1942,-1.3541044e-01,0  
1943,-1.8288501e-01,0  
1944,-1.7425327e-01,0  
1945,-2.0878023e-01,0  
1946,-2.0446436e-01,0  
1947,-1.9151675e-01,0  
1948,-1.7856914e-01,0  
1949,-1.4835805e-01,0  
1950,-1.6562153e-01,0  
1951,-1.3972631e-01,0  
1952,5.8965580e-01,0  
1953,2.1045264e+00,0  
1954,9.6513654e-01,0  
1955,-2.2501870e+00,0  
1956,-5.5604596e+00,0  
1957,-5.9834149e+00,0  
1958,-3.8341114e+00,0  
1959,-2.2156600e+00,0  
1960,-1.0072162e+00,0  
1961,-4.1594202e-01,0  
1962,-2.2172785e-01,0  
1963,-1.2677870e-01,0  
1964,-6.6356508e-02,0  
1965,-5.9343217e-03,0  
1966,-1.0250192e-02,0  
1967,6.7435477e-02,0  
1968,9.3330700e-02,0  
1969,1.5806876e-01,0  
1970,2.0122746e-01,0  
1971,3.1344009e-01,0  
1972,3.9544163e-01,0  
1973,5.3786536e-01,0  
1974,7.0618431e-01,0  
1975,9.3060957e-01,0  
1976,1.2025094e+00,0  
1977,1.4830410e+00,0  
1978,1.7592568e+00,0  
1979,2.0354724e+00,0  
1980,2.1822120e+00,0  
1981,2.2685294e+00,0  
1982,2.1822120e+00,0  
1983,1.9405232e+00,0  
1984,1.5046203e+00,0  
1985,9.9534766e-01,0  
1986,5.9397167e-01,0  
1987,3.2638770e-01,0  
1988,8.0383088e-02,0  
1989,2.8592642e-02,0  
1990,-2.7513674e-02,0  
1991,-6.2040638e-02,0  
1992,-8.3619990e-02,0  
1993,-5.7724767e-02,0  
1994,-6.6356508e-02,0  
1995,-6.2040638e-02,0  
1996,-7.0672379e-02,0  
1997,-5.7724767e-02,0  
1998,-5.7724767e-02,0  
1999,-1.8881933e-02,0  
2000,-4.0461285e-02,0  
2001,7.0132900e-03,0  
2002,-6.2040638e-02,0  
2003,-7.0672379e-02,0  
2004,-5.3408897e-02,0  
2005,-8.7935860e-02,0  
2006,-7.9304119e-02,0  
2007,-1.0951521e-01,0  
2008,-1.2246282e-01,0  
2009,-1.3972631e-01,0  
2010,-1.6130566e-01,0  
2011,-1.0951521e-01,0  
2012,-1.1383109e-01,0  
2013,-1.3541044e-01,0  
2014,-1.4835805e-01,0  
2015,-1.4835805e-01,0  
2016,-1.4835805e-01,0  
2017,-1.8720088e-01,0  
2018,-1.6993740e-01,0  
2019,-1.4404217e-01,0  
2020,-1.8288501e-01,0  
2021,-1.6130566e-01,0  
2022,-1.6562153e-01,0  
2023,-1.4835805e-01,0  
2024,-1.6993740e-01,0  
2025,-1.5698979e-01,0  
2026,-1.6562153e-01,0  
2027,-3.6145415e-02,0  
2028,4.5856124e-02,0  
2029,6.7435477e-02,0  
2030,8.0383088e-02,0  
2031,1.0196244e-01,0  
2032,7.0132900e-03,0  
2033,-6.6356508e-02,0  
2034,-1.7856914e-01,0  
2035,-1.8288501e-01,0  
2036,-1.8288501e-01,0  
2037,-2.1741197e-01,0  
2038,-1.8288501e-01,0  
2039,-2.0446436e-01,0  
2040,7.6138641e-01,2  
2041,6.6669181e-01,0  
2042,7.1403911e-01,0  
2043,6.3828342e-01,0  
2044,6.8563073e-01,0  
2045,6.7616127e-01,0  
2046,6.7616127e-01,0  
2047,6.0040558e-01,0  
2048,6.0987504e-01,0  
2049,5.5305828e-01,0  
2050,5.8146665e-01,0  
2051,5.2464990e-01,0  
2052,5.5305828e-01,0  
2053,5.0571097e-01,0  
2054,5.7199720e-01,0  
2055,4.9624151e-01,0  
2056,5.0571097e-01,0  
2057,4.5836367e-01,0  
2058,5.0571097e-01,0  
2059,5.0571097e-01,0  
2060,4.8677205e-01,0  
2061,4.2995528e-01,0  
2062,4.5836367e-01,0  
2063,4.0154691e-01,0  
2064,4.5836367e-01,0  
2065,3.9207745e-01,0  
2066,4.2048583e-01,0  
2067,3.6366907e-01,0  
2068,4.2995528e-01,0  
2069,3.3526068e-01,0  
2070,5.5305828e-01,0  
2071,5.9093612e-01,0  
2072,6.8563073e-01,0  
2073,4.3942475e-01,0  
2074,2.6897445e-01,0  
2075,7.0115784e-02,0  
2076,-1.5109360e-02,0  
2077,2.2768482e-02,0  
2078,3.2237943e-02,0  
2079,1.0799363e-01,0  
2080,2.5003554e-01,0  
2081,2.1215769e-01,0  
2082,2.2162715e-01,0  
2083,2.0268824e-01,0  
2084,2.5950500e-01,0  
2085,1.8374931e-01,0  
2086,2.4056608e-01,0  
2087,1.6481039e-01,0  
2088,1.9321877e-01,0  
2089,3.3526068e-01,0  
2090,1.3674319e+00,0  
2091,-9.9046376e-01,0  
2092,-4.2384888e+00,0  
2093,-6.5111593e+00,0  
2094,-4.6930229e+00,0  
2095,-3.3957068e+00,0  
2096,-2.0415739e+00,0  
2097,-9.9046376e-01,0  
2098,-3.9388778e-01,0  
2099,-1.0033451e-01,0  
2100,1.3640201e-01,0  
2101,1.1746309e-01,0  
2102,2.1215769e-01,0  
2103,1.8374931e-01,0  
2104,1.9321877e-01,0  
2105,1.9321877e-01,0  
2106,2.4056608e-01,0  
2107,1.6481039e-01,0  
2108,2.6897445e-01,0  
2109,3.0685230e-01,0  
2110,4.4889421e-01,0  
2111,4.5836367e-01,0  
2112,5.8146665e-01,0  
2113,6.6669181e-01,0  
2114,8.9395886e-01,0  
2115,9.9812293e-01,0  
2116,1.2064511e+00,0  
2117,1.3863708e+00,0  
2118,1.5757600e+00,0  
2119,1.5946989e+00,0  
2120,1.5000044e+00,0  
2121,1.1591037e+00,0  
2122,8.9395886e-01,0  
2123,4.3942475e-01,0  
2124,2.0268824e-01,0  
2125,3.8295600e-03,0  
2126,-1.0980396e-01,0  
2127,-1.3821235e-01,0  
2128,-1.8555965e-01,0  
2129,-2.7078479e-01,0  
2130,-2.5184588e-01,0  
2131,-2.6131534e-01,0  
2132,-1.8555965e-01,0  
2133,-2.2343749e-01,0  
2134,-1.8555965e-01,0  
2135,-2.7078479e-01,0  
2136,-1.0980396e-01,0  
2137,-1.7609019e-01,0  
2138,-1.6662073e-01,0  
2139,-2.5184588e-01,0  
2140,-2.1396803e-01,0  
2141,-1.6662073e-01,0  
2142,-1.8555965e-01,0  
2143,-2.0449858e-01,0  
2144,-1.5715127e-01,0  
2145,-2.4237642e-01,0  
2146,-3.1813211e-01,0  
2147,-2.5184588e-01,0  
2148,-2.6131534e-01,0  
2149,-2.4237642e-01,0  
2150,-3.2760156e-01,0  
2151,-3.0866264e-01,0  
2152,-2.8972372e-01,0  
2153,-4.2229617e-01,0  
2154,-3.3707102e-01,0  
2155,-3.8441832e-01,0  
2156,-3.3707102e-01,0  
2157,-4.4123509e-01,0  
2158,-3.3707102e-01,0  
2159,-3.7494886e-01,0  
2160,-3.9388778e-01,0  
2161,-3.6547941e-01,0  
2162,-3.0866264e-01,0  
2163,-3.8441832e-01,0  
2164,-3.1813211e-01,0  
2165,-1.8555965e-01,0  
2166,-9.0865048e-02,0  
2167,-2.4578822e-02,0  
2168,-2.6131534e-01,0  
2169,-4.6964347e-01,0  
2170,-5.9274646e-01,0  
2171,-7.7266621e-01,0  
2172,-7.2531891e-01,0  
2173,-6.4009376e-01,0  
2174,-4.5070455e-01,0  
2175,-4.5070455e-01,0  
2176,-7.3805675e-02,1  
2177,-1.0614582e-01,0  
2178,-6.9763157e-02,0  
2179,-8.9975746e-02,0  
2180,-9.8060781e-02,0  
2181,-1.1827337e-01,0  
2182,-7.3805675e-02,0  
2183,-9.4018264e-02,0  
2184,-5.3593086e-02,0  
2185,-1.1018833e-01,0  
2186,-1.0614582e-01,0  
2187,-1.2635841e-01,0  
2188,-1.1018833e-01,0  
2189,-1.4252847e-01,0  
2190,-1.2231589e-01,0  
2191,-1.3444344e-01,0  
2192,-1.1827337e-01,0  
2193,-2.3146387e-01,0  
2194,-1.1018833e-01,0  
2195,-1.4252847e-01,0  
2196,-1.3444344e-01,0  
2197,-1.4252847e-01,0  
2198,-1.3444344e-01,0  
2199,-1.7082611e-01,0  
2200,-1.5061352e-01,0  
2201,-1.5465603e-01,0  
2202,-1.5869855e-01,0  
2203,-1.4252847e-01,0  
2204,-1.7486862e-01,0  
2205,-1.1018833e-01,0  
2206,-6.5720639e-02,0  
2207,-4.1465532e-02,0  
2208,4.3427342e-02,0  
2209,-2.9337978e-02,0  
2210,-1.0210330e-01,0  
2211,-2.0316625e-01,0  
2212,-2.4359142e-01,0  
2213,-2.3954890e-01,0  
2214,-2.5571898e-01,0  
2215,-2.7188904e-01,0  
2216,-2.7188904e-01,0  
2217,-2.8805912e-01,0  
2218,-2.8805912e-01,0  
2219,-3.5273941e-01,0  
2220,-2.5976149e-01,0  
2221,-2.4359142e-01,0  
2222,-2.4359142e-01,0  
2223,-2.3146387e-01,0  
2224,-2.8401660e-01,0  
2225,6.7406012e-01,0  
2226,1.0055465e+00,0  
2227,-1.3795389e+00,0  
2228,-3.3078199e+00,0  
2229,-4.7914239e+00,0  
2230,-3.8616449e+00,0  
2231,-2.1759149e+00,0  
2232,-1.0076273e+00,0  
2233,-4.2146220e-01,0  
2234,-2.3550639e-01,0  
2235,-1.0210330e-01,0  
2236,-6.5720639e-02,0  
2237,-2.5295461e-02,0  
2238,1.1087199e-02,0  
2239,4.3427342e-02,0  
2240,9.5980068e-02,0  
2241,1.3236273e-01,0  
2242,1.8087295e-01,0  
2243,2.0108554e-01,0  
2244,2.6576582e-01,0  
2245,3.4257366e-01,0  
2246,4.0725394e-01,0  
2247,5.0427437e-01,0  
2248,6.4171998e-01,0  
2249,7.9937817e-01,0  
2250,1.0015040e+00,0  
2251,1.2925653e+00,0  
2252,1.5957542e+00,0  
2253,1.9231981e+00,0  
2254,2.3153223e+00,0  
2255,2.6791490e+00,0  
2256,3.0187204e+00,0  
2257,3.2572290e+00,0  
2258,3.2410589e+00,0  
2259,2.9621252e+00,0  
2260,2.3880877e+00,0  
2261,1.7291573e+00,0  
2262,1.1106521e+00,0  
2263,6.0533732e-01,0  
2264,2.6980834e-01,0  
2265,8.3852519e-02,0  
2266,-1.0403543e-03,0  
2267,-7.7848192e-02,0  
2268,-6.5720639e-02,0  
2269,-9.8060781e-02,0  
2270,-1.1018833e-01,0  
2271,-9.4018264e-02,0  
2272,-4.1465532e-02,0  
2273,-5.7635603e-02,0  
2274,-7.3805675e-02,0  
2275,-5.7635603e-02,0  
2276,-5.3593086e-02,0  
2277,-6.9763157e-02,0  
2278,-5.3593086e-02,0  
2279,-8.5933228e-02,0  
2280,-1.1018833e-01,0  
2281,-8.1890710e-02,0  
2282,-1.3444344e-01,0  
2283,-1.7486862e-01,0  
2284,-1.7891114e-01,0  
2285,-1.7486862e-01,0  
2286,-2.0720876e-01,0  
2287,-2.2742135e-01,0  
2288,-2.4359142e-01,0  
2289,-2.6380401e-01,0  
2290,-2.3550639e-01,0  
2291,-2.7997408e-01,0  
2292,-2.8805912e-01,0  
2293,-2.8805912e-01,0  
2294,-2.8401660e-01,0  
2295,-3.1635674e-01,0  
2296,-3.2039926e-01,0  
2297,-3.1231422e-01,0  
2298,-3.3656933e-01,0  
2299,-3.2039926e-01,0  
2300,-3.3252682e-01,0  
2301,-3.4061185e-01,0  
2302,-3.0018668e-01,0  
2303,-3.4465436e-01,0  
2304,-3.2444178e-01,0  
2305,-3.4465436e-01,0  
2306,-3.4465436e-01,0  
2307,-3.5678192e-01,0  
2308,-3.4465436e-01,0  
2309,-3.5678192e-01,0  
2310,-3.5273941e-01,0  
2311,-3.6486696e-01,0  
2312,2.7342646e-01,1  
2313,2.9647564e-01,0  
2314,3.0415870e-01,0  
2315,2.1196201e-01,0  
2316,2.5806035e-01,0  
2317,2.2732812e-01,0  
2318,2.2732812e-01,0  
2319,1.9659588e-01,0  
2320,1.8122977e-01,0  
2321,2.1964506e-01,0  
2322,2.1964506e-01,0  
2323,1.2744837e-01,0  
2324,2.0427895e-01,0  
2325,1.3513143e-01,0  
2326,1.3513143e-01,0  
2327,1.3513143e-01,0  
2328,1.1976532e-01,0  
2329,8.9033081e-02,0  
2330,5.8300850e-02,0  
2331,1.4281448e-01,0  
2332,1.3513143e-01,0  
2333,8.9033081e-02,0  
2334,1.1976532e-01,0  
2335,4.2934735e-02,0  
2336,1.1208225e-01,0  
2337,1.1976532e-01,0  
2338,8.9033081e-02,0  
2339,8.1350023e-02,0  
2340,1.3513143e-01,0  
2341,1.8891283e-01,0  
2342,3.1184175e-01,0  
2343,2.8879258e-01,0  
2344,3.6562315e-01,0  
2345,5.7306571e-01,0  
2346,2.2732812e-01,0  
2347,1.0439920e-01,0  
2348,4.2934735e-02,0  
2349,-3.3895842e-02,0  
2350,-3.3895842e-02,0  
2351,-1.5682476e-01,0  
2352,-1.5682476e-01,0  
2353,-9.5360307e-02,0  
2354,-1.5682476e-01,0  
2355,-1.5682476e-01,0  
2356,-1.1072642e-01,0  
2357,-1.4145865e-01,0  
2358,-1.1840947e-01,0  
2359,1.2202504e-02,0  
2360,4.2708762e-01,0  
2361,2.0712619e+00,0  
2362,5.4210751e+00,0  
2363,2.7550541e+00,0  
2364,-3.1609003e+00,0  
2365,-5.8653366e+00,0  
2366,-4.8742222e+00,0  
2367,-2.8535780e+00,0  
2368,-1.1479393e+00,0  
2369,-5.1024542e-01,0  
2370,-3.4121815e-01,0  
2371,-1.7987394e-01,0  
2372,-1.0304336e-01,0  
2373,-2.6212784e-02,0  
2374,1.2202504e-02,0  
2375,6.5983907e-02,0  
2376,-1.8529726e-02,0  
2377,8.9033081e-02,0  
2378,1.3513143e-01,0  
2379,1.6586366e-01,0  
2380,1.8122977e-01,0  
2381,1.9659588e-01,0  
2382,2.1964506e-01,0  
2383,3.5794010e-01,0  
2384,3.8867233e-01,0  
2385,4.9623514e-01,0  
2386,5.8843183e-01,0  
2387,7.4209299e-01,0  
2388,8.6502191e-01,0  
2389,1.0033170e+00,0  
2390,1.1416120e+00,0  
2391,1.2338086e+00,0  
2392,1.2491747e+00,0  
2393,1.1569781e+00,0  
2394,9.8795084e-01,0  
2395,7.7282521e-01,0  
2396,5.1160125e-01,0  
2397,2.4269423e-01,0  
2398,4.2934735e-02,0  
2399,1.9885562e-02,0  
2400,-5.6945015e-02,0  
2401,-1.1072642e-01,0  
2402,-1.4145865e-01,0  
2403,-1.1072642e-01,0  
2404,-8.7677245e-02,0  
2405,-1.1072642e-01,0  
2406,-8.7677245e-02,0  
2407,-6.4628072e-02,0  
2408,-5.6945015e-02,0  
2409,-3.3895842e-02,0  
2410,-4.9261957e-02,0  
2411,-7.9994188e-02,0  
2412,-4.1578900e-02,0  
2413,-1.0846669e-02,0  
2414,-4.9261957e-02,0  
2415,-1.2609253e-01,0  
2416,-1.2609253e-01,0  
2417,-1.5682476e-01,0  
2418,-2.6438757e-01,0  
2419,-1.5682476e-01,0  
2420,-2.0292311e-01,0  
2421,-1.8755700e-01,0  
2422,-1.8755700e-01,0  
2423,-2.0292311e-01,0  
2424,-1.8755700e-01,0  
2425,-2.1828923e-01,0  
2426,-2.4902145e-01,0  
2427,-2.6438757e-01,0  
2428,-2.4902145e-01,0  
2429,-2.6438757e-01,0  
2430,-2.9511981e-01,0  
2431,-3.2585203e-01,0  
2432,-3.1048592e-01,0  
2433,-3.1048592e-01,0  
2434,-3.3353509e-01,0  
2435,-3.1048592e-01,0  
2436,-4.0268261e-01,0  
2437,-3.1048592e-01,0  
2438,-3.2585203e-01,0  
2439,-3.2585203e-01,0  
2440,-4.0268261e-01,0  
2441,-3.4121815e-01,0  
2442,-2.7975369e-01,0  
2443,-3.2585203e-01,0  
2444,-3.1048592e-01,0  
2445,-3.4121815e-01,0  
2446,-3.5658426e-01,0  
2447,-3.5658426e-01,0  
2448,9.6857196e-01,1  
2449,-1.2448271e-01,0  
2450,-1.4073092e-01,0  
2451,-1.2448271e-01,0  
2452,-1.5156307e-01,0  
2453,-1.6239521e-01,0  
2454,-1.8947557e-01,0  
2455,-1.6781128e-01,0  
2456,-1.6781128e-01,0  
2457,-1.8947557e-01,0  
2458,-1.7322735e-01,0  
2459,-2.5988449e-01,0  
2460,-1.7864343e-01,0  
2461,-1.9489164e-01,0  
2462,-1.9489164e-01,0  
2463,-2.5446842e-01,0  
2464,-1.9489164e-01,0  
2465,-1.6781128e-01,0  
2466,-2.0030771e-01,0  
2467,-1.8405950e-01,0  
2468,-2.2738807e-01,0  
2469,-2.2197200e-01,0  
2470,-2.2197200e-01,0  
2471,-1.8947557e-01,0  
2472,-2.1655593e-01,0  
2473,-2.3280414e-01,0  
2474,-1.8947557e-01,0  
2475,-2.2197200e-01,0  
2476,-2.5446842e-01,0  
2477,-2.4905235e-01,0  
2478,-2.4905235e-01,0  
2479,-2.3822021e-01,0  
2480,-2.2197200e-01,0  
2481,-2.6530057e-01,0  
2482,-1.2989878e-01,0  
2483,-4.3241631e-02,0  
2484,-1.0745201e-02,0  
2485,-1.0745201e-02,0  
2486,9.7576231e-02,0  
2487,6.5079803e-02,0  
2488,-1.0281842e-01,0  
2489,-2.6530057e-01,0  
2490,-3.1946129e-01,0  
2491,-2.9238093e-01,0  
2492,-3.6278986e-01,0  
2493,-3.9528629e-01,0  
2494,-3.6820593e-01,0  
2495,-3.3570950e-01,0  
2496,-4.0070236e-01,0  
2497,-3.3029343e-01,0  
2498,-3.0862914e-01,0  
2499,-3.2487736e-01,0  
2500,-2.6530057e-01,0  
2501,-2.5446842e-01,0  
2502,5.1461375e-01,0  
2503,2.2531728e+00,0  
2504,2.1394352e+00,0  
2505,-1.4351720e+00,0  
2506,-5.7084526e+00,0  
2507,-5.5784669e+00,0  
2508,-3.6070168e+00,0  
2509,-1.9388667e+00,0  
2510,-8.2315595e-01,0  
2511,-4.4403094e-01,0  
2512,-2.7613271e-01,0  
2513,-1.3531485e-01,0  
2514,-9.1986276e-02,0  
2515,-7.5738061e-02,0  
2516,-4.3241631e-02,0  
2517,-1.0745201e-02,0  
2518,3.2583373e-02,0  
2519,7.5911946e-02,0  
2520,1.5173695e-01,0  
2521,1.4090481e-01,0  
2522,2.1131374e-01,0  
2523,3.1963517e-01,0  
2524,3.6837982e-01,0  
2525,4.8211732e-01,0  
2526,5.3627804e-01,0  
2527,7.3125661e-01,0  
2528,9.2623520e-01,0  
2529,1.1266299e+00,0  
2530,1.3757692e+00,0  
2531,1.6574049e+00,0  
2532,1.9390406e+00,0  
2533,2.1231870e+00,0  
2534,2.3181656e+00,0  
2535,2.3073335e+00,0  
2536,2.1177709e+00,0  
2537,1.7819745e+00,0  
2538,1.3107762e+00,0  
2539,8.6124234e-01,0  
2540,5.2544589e-01,0  
2541,3.0880303e-01,0  
2542,1.1924052e-01,0  
2543,5.4247659e-02,0  
2544,3.2583373e-02,0  
2545,4.8831587e-02,0  
2546,2.1751229e-02,0  
2547,5.5030140e-03,0  
2548,5.4247659e-02,0  
2549,5.4247659e-02,0  
2550,1.4090481e-01,0  
2551,1.1924052e-01,0  
2552,1.1924052e-01,0  
2553,1.5173695e-01,0  
2554,1.1924052e-01,0  
2555,1.0840838e-01,0  
2556,1.0840838e-01,0  
2557,1.0840838e-01,0  
2558,1.3548873e-01,0  
2559,8.6942420e-05,0  
2560,5.4247659e-02,0  
2561,6.5079803e-02,0  
2562,6.5079803e-02,0  
2563,2.7167301e-02,0  
2564,5.4247659e-02,0  
2565,1.6335158e-02,0  
2566,-5.3291293e-03,0  
2567,-5.3291293e-03,0  
2568,2.1751229e-02,0  
2569,-3.2409487e-02,0  
2570,-1.0745201e-02,0  
2571,-3.2409487e-02,0  
2572,8.6942420e-05,0  
2573,-1.0745201e-02,0  
2574,-1.0745201e-02,0  
2575,-3.2409487e-02,0  
2576,-2.1577345e-02,0  
2577,8.6942420e-05,0  
2578,-1.6161273e-02,0  
2579,-3.2409487e-02,0  
2580,5.5030140e-03,0  
2581,-5.4073774e-02,0  
2582,2.7167301e-02,0  
2583,-3.2409487e-02,0  
2584,3.4428028e-03,1  
2585,1.9776102e-02,0  
2586,4.1553833e-02,0  
2587,-4.0112660e-02,0  
2588,-2.9223794e-02,0  
2589,-5.1001526e-02,0  
2590,-1.2890496e-02,0  
2591,-4.5557093e-02,0  
2592,-1.1089029e-01,0  
2593,-8.3668125e-02,0  
2594,-7.2779259e-02,0  
2595,-4.0112660e-02,0  
2596,-3.4668227e-02,0  
2597,-7.2779259e-02,0  
2598,-1.0000142e-01,0  
2599,-4.5557093e-02,0  
2600,-7.2779259e-02,0  
2601,-7.8223692e-02,0  
2602,-7.2779259e-02,0  
2603,-1.5444576e-01,0  
2604,-4.5557093e-02,0  
2605,-7.8223692e-02,0  
2606,-7.2779259e-02,0  
2607,-1.2722359e-01,0  
2608,-1.2722359e-01,0  
2609,-1.2722359e-01,0  
2610,-1.1633473e-01,0  
2611,-1.1633473e-01,0  
2612,-1.0544585e-01,0  
2613,-3.4668227e-02,0  
2614,6.3331565e-02,0  
2615,8.8872357e-03,0  
2616,6.3331565e-02,0  
2617,1.6133136e-01,0  
2618,2.2666456e-01,0  
2619,-2.0016302e-03,0  
2620,-1.4900132e-01,0  
2621,-1.8166792e-01,0  
2622,-1.6533462e-01,0  
2623,-2.0344565e-01,0  
2624,-2.8511214e-01,0  
2625,-2.6877884e-01,0  
2626,-3.0688987e-01,0  
2627,-2.1433451e-01,0  
2628,-2.0344565e-01,0  
2629,-2.9055657e-01,0  
2630,-1.7077905e-01,0  
2631,-2.2522338e-01,0  
2632,-1.6533462e-01,0  
2633,6.2410816e-01,0  
2634,2.7038815e+00,0  
2635,2.4534377e+00,0  
2636,-1.0418883e+00,0  
2637,-5.6751007e+00,0  
2638,-5.4028791e+00,0  
2639,-3.3993278e+00,0  
2640,-1.7169980e+00,0  
2641,-7.2066678e-01,0  
2642,-3.6677864e-01,0  
2643,-2.3066781e-01,0  
2644,-1.1633473e-01,0  
2645,-8.3668125e-02,0  
2646,-2.0016302e-03,0  
2647,-7.4460632e-03,0  
2648,2.5220535e-02,0  
2649,5.7887132e-02,0  
2650,1.0144259e-01,0  
2651,1.6677579e-01,0  
2652,2.1033125e-01,0  
2653,1.9944239e-01,0  
2654,2.7566445e-01,0  
2655,3.8999755e-01,0  
2656,5.0977507e-01,0  
2657,6.4044146e-01,0  
2658,7.7110785e-01,0  
2659,9.5077413e-01,0  
2660,1.1957736e+00,0  
2661,1.4897730e+00,0  
2662,1.7619947e+00,0  
2663,2.0124385e+00,0  
2664,2.2683269e+00,0  
2665,2.3499934e+00,0  
2666,2.3445489e+00,0  
2667,2.1757715e+00,0  
2668,1.7892168e+00,0  
2669,1.3155512e+00,0  
2670,8.4188548e-01,0  
2671,5.1521950e-01,0  
2672,2.2666456e-01,0  
2673,1.2322033e-01,0  
2674,3.6109401e-02,0  
2675,-1.2890496e-02,0  
2676,-4.5557093e-02,0  
2677,-4.5557093e-02,0  
2678,1.4331669e-02,0  
2679,1.4331669e-02,0  
2680,-1.2890496e-02,0  
2681,-2.9223794e-02,0  
2682,-7.4460632e-03,0  
2683,1.9776102e-02,0  
2684,8.8872357e-03,0  
2685,-3.4668227e-02,0  
2686,3.0664968e-02,0  
2687,-1.8334929e-02,0  
2688,-5.1001526e-02,0  
2689,-5.1001526e-02,0  
2690,-2.9223794e-02,0  
2691,-1.0544585e-01,0  
2692,-1.4355688e-01,0  
2693,-1.4900132e-01,0  
2694,-1.7077905e-01,0  
2695,-1.8711235e-01,0  
2696,-2.0889009e-01,0  
2697,-2.0889009e-01,0  
2698,4.3899744e-01,0  
2699,-2.5244554e-01,0  
2700,-2.7966771e-01,0  
2701,-2.4700112e-01,0  
2702,-2.5788998e-01,0  
2703,-2.3611225e-01,0  
2704,-2.7422328e-01,0  
2705,-3.2322317e-01,0  
2706,-2.9600101e-01,0  
2707,-3.2322317e-01,0  
2708,-3.1777874e-01,0  
2709,-3.6133420e-01,0  
2710,-3.1233431e-01,0  
2711,-3.0688987e-01,0  
2712,-3.1233431e-01,0  
2713,-3.6133420e-01,0  
2714,-3.5588978e-01,0  
2715,-3.1777874e-01,0  
2716,-3.2322317e-01,0  
2717,-3.6133420e-01,0  
2718,-3.0144545e-01,0  
2719,-3.4500090e-01,0  
2720,4.5690916e-02,1  
2721,-9.4218517e-03,0  
2722,-2.7792774e-02,0  
2723,-7.3720080e-02,0  
2724,-2.7792774e-02,0  
2725,-8.2905541e-02,0  
2726,-8.2905541e-02,0  
2727,-9.2091003e-02,0  
2728,-1.1964739e-01,0  
2729,-1.0127646e-01,0  
2730,-1.2883285e-01,0  
2731,-1.1964739e-01,0  
2732,-1.3801830e-01,0  
2733,-1.2424011e-01,0  
2734,-1.5638923e-01,0  
2735,-1.2883285e-01,0  
2736,-1.3342558e-01,0  
2737,-1.0127646e-01,0  
2738,-1.1964739e-01,0  
2739,-1.3801830e-01,0  
2740,-2.1150200e-01,0  
2741,-1.2424011e-01,0  
2742,-1.7476016e-01,0  
2743,-1.5638923e-01,0  
2744,-1.6098196e-01,0  
2745,-1.7476016e-01,0  
2746,-1.8853835e-01,0  
2747,-1.7935288e-01,0  
2748,-1.8394562e-01,0  
2749,-1.7016742e-01,0  
2750,-1.9772381e-01,0  
2751,-1.6557469e-01,0  
2752,-1.5638923e-01,0  
2753,-9.2091003e-02,0  
2754,-9.4218517e-03,0  
2755,1.3541802e-02,0  
2756,8.9490712e-03,0  
2757,-5.5349158e-02,0  
2758,-2.0690927e-01,0  
2759,-2.3446565e-01,0  
2760,-2.8039296e-01,0  
2761,-3.2632026e-01,0  
2762,-2.6202203e-01,0  
2763,-2.8957842e-01,0  
2764,-2.9417115e-01,0  
2765,-2.9876388e-01,0  
2766,-2.8039296e-01,0  
2767,-2.7120750e-01,0  
2768,-2.8957842e-01,0  
2769,-2.6202203e-01,0  
2770,-2.4365112e-01,0  
2771,-2.5742931e-01,0  
2772,1.1917460e-01,0  
2773,1.7495940e+00,0  
2774,-9.2091003e-02,0  
2775,-2.4940891e+00,0  
2776,-4.4551851e+00,0  
2777,-4.7674907e+00,0  
2778,-2.8569148e+00,0  
2779,-1.5342085e+00,0  
2780,-6.6158960e-01,0  
2781,-2.9876388e-01,0  
2782,-1.1964739e-01,0  
2783,-6.4534619e-02,0  
2784,-2.7792774e-02,0  
2785,1.8134532e-02,0  
2786,3.6505455e-02,0  
2787,6.4061838e-02,0  
2788,1.0080369e-01,0  
2789,1.5591645e-01,0  
2790,1.8347284e-01,0  
2791,1.7428737e-01,0  
2792,2.8910564e-01,0  
2793,3.4421841e-01,0  
2794,4.1770209e-01,0  
2795,5.3711309e-01,0  
2796,6.9785866e-01,0  
2797,9.0453154e-01,0  
2798,1.0698698e+00,0  
2799,1.4235101e+00,0  
2800,1.7450013e+00,0  
2801,2.0986415e+00,0  
2802,2.4890236e+00,0  
2803,2.8472566e+00,0  
2804,3.1182277e+00,0  
2805,3.2560096e+00,0  
2806,3.0355586e+00,0  
2807,2.5533218e+00,0  
2808,1.8322631e+00,0  
2809,1.1571318e+00,0  
2810,6.4733863e-01,0  
2811,3.0288383e-01,0  
2812,1.0080369e-01,0  
2813,-1.8607313e-02,0  
2814,-4.1570966e-02,0  
2815,-8.2905541e-02,0  
2816,-9.6683733e-02,0  
2817,-5.9941888e-02,0  
2818,-6.4534619e-02,0  
2819,-5.9941888e-02,0  
2820,-4.1570966e-02,0  
2821,-1.4014582e-02,0  
2822,-9.4218517e-03,0  
2823,-1.8607313e-02,0  
2824,-2.7792774e-02,0  
2825,-2.7792774e-02,0  
2826,-6.4534619e-02,0  
2827,-5.5349158e-02,0  
2828,-1.1505465e-01,0  
2829,-1.0127646e-01,0  
2830,-1.5638923e-01,0  
2831,-1.5179650e-01,0  
2832,-1.9313107e-01,0  
2833,-2.0231654e-01,0  
2834,-2.1609473e-01,0  
2835,-2.3446565e-01,0  
2836,-2.2068746e-01,0  
2837,-2.8039296e-01,0  
2838,-2.6202203e-01,0  
2839,-2.8039296e-01,0  
2840,-2.7580023e-01,0  
2841,-2.8039296e-01,0  
2842,-2.9876388e-01,0  
2843,-2.8957842e-01,0  
2844,-2.9876388e-01,0  
2845,-2.9876388e-01,0  
2846,-3.0794934e-01,0  
2847,-2.9876388e-01,0  
2848,-3.2632026e-01,0  
2849,-2.9876388e-01,0  
2850,-3.2632026e-01,0  
2851,-3.3091299e-01,0  
2852,-3.2632026e-01,0  
2853,-3.3550573e-01,0  
2854,-3.4469119e-01,0  
2855,-3.2632026e-01,0  
2856,2.2886796e-01,2  
2857,2.3915076e-01,0  
2858,2.6485777e-01,0  
2859,2.8542338e-01,0  
2860,2.4429217e-01,0  
2861,2.8028197e-01,0  
2862,2.6999917e-01,0  
2863,2.5971637e-01,0  
2864,2.1858516e-01,0  
2865,2.0316095e-01,0  
2866,1.6717115e-01,0  
2867,1.8259535e-01,0  
2868,1.5174695e-01,0  
2869,1.3118134e-01,0  
2870,1.2603994e-01,0  
2871,1.1575714e-01,0  
2872,7.9767328e-02,0  
2873,1.2603994e-01,0  
2874,6.9484526e-02,0  
2875,7.4625928e-02,0  
2876,6.4343125e-02,0  
2877,6.4343125e-02,0  
2878,5.9201724e-02,0  
2879,8.4908729e-02,0  
2880,3.8636120e-02,0  
2881,6.4343125e-02,0  
2882,4.3777520e-02,0  
2883,3.3494718e-02,0  
2884,2.8353317e-02,0  
2885,1.2929113e-02,0  
2886,-1.7919294e-02,0  
2887,-2.4950901e-03,0  
2888,5.9201724e-02,0  
2889,1.2603994e-01,0  
2890,1.5174695e-01,0  
2891,2.0830236e-01,0  
2892,2.5971637e-01,0  
2893,2.5971637e-01,0  
2894,6.9484526e-02,0  
2895,-7.9616107e-02,0  
2896,-1.2074732e-01,0  
2897,-1.5673713e-01,0  
2898,-2.2871674e-01,0  
2899,-2.1329254e-01,0  
2900,-2.1843394e-01,0  
2901,-2.3385814e-01,0  
2902,-2.4928235e-01,0  
2903,-2.2871674e-01,0  
2904,-2.1843394e-01,0  
2905,-2.1843394e-01,0  
2906,-2.0300973e-01,0  
2907,-1.4645432e-01,0  
2908,8.8182591e-01,0  
2909,3.1337596e+00,0  
2910,2.4396704e+00,0  
2911,-1.5809053e+00,0  
2912,-6.2287319e+00,0  
2913,-6.1413281e+00,0  
2914,-4.0796262e+00,0  
2915,-2.3161257e+00,0  
2916,-1.0410582e+00,0  
2917,-5.4748361e-01,0  
2918,-3.8295878e-01,0  
2919,-2.6470655e-01,0  
2920,-2.1329254e-01,0  
2921,-2.0300973e-01,0  
2922,-1.6701992e-01,0  
2923,-1.2588871e-01,0  
2924,-8.9898909e-02,0  
2925,-4.3626299e-02,0  
2926,-7.6364913e-03,0  
2927,9.0050130e-02,0  
2928,1.6202974e-01,0  
2929,2.7514057e-01,0  
2930,4.1395840e-01,0  
2931,6.1447304e-01,0  
2932,7.9442209e-01,0  
2933,9.9493676e-01,0  
2934,1.1903099e+00,0  
2935,1.3291278e+00,0  
2936,1.3959660e+00,0  
2937,1.4319558e+00,0  
2938,1.3137036e+00,0  
2939,1.1543202e+00,0  
2940,8.5611891e-01,0  
2941,5.7848324e-01,0  
2942,3.1627178e-01,0  
2943,1.9801955e-01,0  
2944,6.4343125e-02,0  
2945,7.7877123e-03,0  
2946,-4.8767700e-02,0  
2947,-4.3626299e-02,0  
2948,-6.9333305e-02,0  
2949,-5.9050503e-02,0  
2950,-5.9050503e-02,0  
2951,-4.3626299e-02,0  
2952,2.3211916e-02,0  
2953,1.2929113e-02,0  
2954,3.8636120e-02,0  
2955,6.9484526e-02,0  
2956,5.9201724e-02,0  
2957,6.4343125e-02,0  
2958,5.4060322e-02,0  
2959,7.4625928e-02,0  
2960,5.4060322e-02,0  
2961,3.8636120e-02,0  
2962,3.3494718e-02,0  
2963,1.8070514e-02,0  
2964,-2.4950901e-03,0  
2965,-2.4950901e-03,0  
2966,-1.2777892e-02,0  
2967,-2.3060695e-02,0  
2968,-1.2777892e-02,0  
2969,7.7877123e-03,0  
2970,-6.4191904e-02,0  
2971,-5.3909101e-02,0  
2972,-1.2777892e-02,0  
2973,-1.7919294e-02,0  
2974,-3.3343497e-02,0  
2975,-3.3343497e-02,0  
2976,-4.8767700e-02,0  
2977,-3.3343497e-02,0  
2978,-4.8767700e-02,0  
2979,-3.3343497e-02,0  
2980,-3.3343497e-02,0  
2981,-1.7919294e-02,0  
2982,-3.8484899e-02,0  
2983,-7.6364913e-03,0  
2984,1.1575714e-01,0  
2985,1.6202974e-01,0  
2986,2.0316095e-01,0  
2987,2.7514057e-01,0  
2988,3.4197879e-01,0  
2989,2.0316095e-01,0  
2990,6.4343125e-02,0  
2991,-7.4474707e-02,0  
2992,-2.1602809e-01,1  
2993,-1.9374533e-01,0  
2994,-1.8817464e-01,0  
2995,-1.5475050e-01,0  
2996,-1.8817464e-01,0  
2997,-2.2159878e-01,0  
2998,-1.6032119e-01,0  
2999,-1.9931602e-01,0  
3000,-1.8260395e-01,0  
3001,-1.7146257e-01,0  
3002,-1.8260395e-01,0  
3003,-2.0488671e-01,0  
3004,-1.4917980e-01,0  
3005,-1.9931602e-01,0  
3006,-1.7703325e-01,0  
3007,-1.7703325e-01,0  
3008,-2.0488671e-01,0  
3009,-2.4945223e-01,0  
3010,-1.9931602e-01,0  
3011,-1.5475050e-01,0  
3012,-1.7146257e-01,0  
3013,-1.4360912e-01,0  
3014,-1.7146257e-01,0  
3015,-1.7146257e-01,0  
3016,-2.0488671e-01,0  
3017,-1.9374533e-01,0  
3018,-1.4360912e-01,0  
3019,-1.5475050e-01,0  
3020,-1.1018498e-01,0  
3021,-1.2689705e-01,0  
3022,-6.0048764e-02,0  
3023,2.9082279e-02,0  
3024,3.4652970e-02,0  
3025,5.6935730e-02,0  
3026,1.7392023e-01,0  
3027,2.9082279e-02,0  
3028,-1.5483242e-02,0  
3029,-1.6589188e-01,0  
3030,-2.8287637e-01,0  
3031,-1.9374533e-01,0  
3032,-3.4415396e-01,0  
3033,-2.5502292e-01,0  
3034,-2.6616430e-01,0  
3035,-2.9958844e-01,0  
3036,-2.2159878e-01,0  
3037,-2.7730569e-01,0  
3038,-2.6059361e-01,0  
3039,-1.7703325e-01,0  
3040,-1.4917980e-01,0  
3041,7.9218491e-02,0  
3042,1.3103410e+00,0  
3043,3.2600826e+00,0  
3044,9.8167028e-01,0  
3045,-3.3356146e+00,0  
3046,-5.8201425e+00,0  
3047,-4.6948630e+00,0  
3048,-2.6392783e+00,0  
3049,-1.1240506e+00,0  
3050,-4.4442639e-01,0  
3051,-2.6059361e-01,0  
3052,-1.5475050e-01,0  
3053,-8.2331525e-02,0  
3054,-4.3418616e-03,0  
3055,5.1365040e-02,0  
3056,6.8077111e-02,0  
3057,6.2506421e-02,0  
3058,1.2378401e-01,0  
3059,1.8506161e-01,0  
3060,2.1848575e-01,0  
3061,2.6862196e-01,0  
3062,3.0761679e-01,0  
3063,2.9647541e-01,0  
3064,4.7473749e-01,0  
3065,6.0286337e-01,0  
3066,7.0313580e-01,0  
3067,8.9253926e-01,0  
3068,1.1209375e+00,0  
3069,1.3214824e+00,0  
3070,1.6724359e+00,0  
3071,1.8785514e+00,0  
3072,2.1626567e+00,0  
3073,2.3186359e+00,0  
3074,2.3910549e+00,0  
3075,2.4356205e+00,0  
3076,2.1069497e+00,0  
3077,1.6557238e+00,0  
3078,1.2323514e+00,0  
3079,7.5884270e-01,0  
3080,3.9674783e-01,0  
3081,2.4633920e-01,0  
3082,1.5720816e-01,0  
3083,9.0359868e-02,0  
3084,4.0223660e-02,0  
3085,4.0223660e-02,0  
3086,1.2288286e-03,0  
3087,7.3647801e-02,0  
3088,4.5794350e-02,0  
3089,5.6935730e-02,0  
3090,7.3647801e-02,0  
3091,8.4789181e-02,0  
3092,7.3647801e-02,0  
3093,1.5720816e-01,0  
3094,1.1821332e-01,0  
3095,7.9218491e-02,0  
3096,5.6935730e-02,0  
3097,1.2370209e-02,0  
3098,-4.3418616e-03,0  
3099,-6.0048764e-02,0  
3100,-4.8907383e-02,0  
3101,-9.3472905e-02,0  
3102,-9.9043595e-02,0  
3103,-1.4917980e-01,0  
3104,-1.5475050e-01,0  
3105,-1.7703325e-01,0  
3106,-1.2689705e-01,0  
3107,-1.4360912e-01,0  
3108,-1.7146257e-01,0  
3109,-1.9374533e-01,0  
3110,-1.9931602e-01,0  
3111,-2.4945223e-01,0  
3112,-2.2716947e-01,0  
3113,-2.7173499e-01,0  
3114,-2.7730569e-01,0  
3115,-2.6616430e-01,0  
3116,-2.5502292e-01,0  
3117,-2.4388154e-01,0  
3118,-2.6616430e-01,0  
3119,-2.8844706e-01,0  
3120,-2.9401775e-01,0  
3121,-3.1072982e-01,0  
3122,-2.5502292e-01,0  
3123,-2.7730569e-01,0  
3124,-2.4388154e-01,0  
3125,-2.9958844e-01,0  
3126,-2.3274016e-01,0  
3127,-2.9401775e-01,0  
